1,2,3,4,5,6,7,8,9,10,11,12,13,14,15,16,17,18,19,20
-81.44638072,1783.428492,-998.2769718,606.1560975,-596.3950237,58.21408717,260.2872131,-287.8520807,86.48919906,230.7265258,-140.9166507,-8.270100471,279.295665,-75.19875379,-8.97492784,47.85153921,-324.7581999,-48.08156412,-181.1094538,86.68078352
389.8245417,870.2349673,-93.06257905,-112.2593977,-605.2309202,79.92424869,309.6777302,273.8198803,-280.9339144,-435.5663727,-53.35040463,238.3116935,131.4853321,-0.520739912,81.27242642,61.13842575,-167.526587,202.1872128,297.5700347,54.63775658
-33.74851419,1333.859802,49.4040024,175.6569269,-247.2304124,-336.1576817,-165.6479713,-61.69357196,-321.603595,-241.0518805,241.6734129,-108.7841169,273.4658581,139.1578136,665.3410717,-42.64883691,104.8698198,205.1803304,-20.26212711,-97.07814567
669.8336772,1575.418648,-171.1579022,605.7542856,-1330.47242,-1026.19765,326.0253782,52.37009805,-212.9341754,-139.721088,356.7326275,3.830426376,-115.3192888,32.66604322,342.6874883,-142.699701,-313.583622,198.2067351,-103.0832172,-125.2507638
178.0373243,1772.474445,-484.6738514,543.5142581,-577.2567547,-312.5714496,8.329058405,-27.497798,-704.3996628,-409.9229033,-15.46574435,57.46987648,457.4655718,227.8454546,306.9208597,137.19386,-60.65676512,151.7072154,-94.12801399,-175.3653216
886.8364402,1368.27747,-528.6621579,104.3240765,-1490.674007,-381.0826392,101.3629413,340.7007087,-129.8819727,-512.0121712,339.1709333,405.2674346,288.2028512,14.73731772,234.2181729,109.1400743,-77.74776051,-11.55850326,44.3598023,5.789994914
587.649895,1323.99713,-1171.067195,401.8476681,-936.7237054,90.41141108,-11.72079834,139.9450698,-345.6656209,-682.0151739,233.1224911,-514.4625626,126.5277669,-183.9442707,30.67951189,116.0259236,-133.1734952,318.2937955,-26.14479918,189.5261605
344.4685701,1202.36835,-943.7686077,881.9326206,-846.9147996,64.95630401,336.1830037,71.85453882,-389.2294082,-91.61057221,178.0703203,-191.7726174,387.8132986,-97.25341518,233.0533035,88.21134679,-319.6865159,119.9573597,44.03557308,26.5400593
-70.96580803,1450.296954,-1159.66951,421.0908659,-601.7593361,375.068951,471.6560393,-99.06479043,-514.7961753,195.6776781,195.8063024,-53.90144002,319.8396853,82.04183967,393.4736552,-21.51005749,-332.0521268,121.468123,59.00600787,-208.1747618
-164.2860477,1902.57787,-812.8932458,286.6472581,-800.988047,-282.9647947,-94.20859942,283.0675064,16.4223682,135.9657203,373.7563109,-205.3778033,430.1755769,-176.236654,-86.5989064,221.0846535,140.0051338,281.9338822,-143.2507855,107.9256121
311.3337064,1609.516259,-997.8511839,450.0073123,-972.4938463,326.7301816,359.6248095,30.59365156,-445.2960127,-124.0827765,-20.12499775,-4.260478441,503.5734764,82.12945974,237.843194,-299.8966912,-220.79298,158.7292396,309.1454857,210.267696
3.552733551,1645.949074,-29.272695,-207.7556578,-1207.659428,-322.4876533,20.88555624,-107.9673896,-65.36140745,-435.4956315,377.6096134,138.6696051,381.8912554,-384.4665838,82.7617456,123.0773402,-164.6908735,264.7498138,-143.3519511,-338.7720425
224.903158,1661.507636,79.61446151,-189.5022782,-1192.566155,-692.7834706,17.35876101,179.5365559,-169.2733549,380.3727377,103.296748,372.3564114,-25.46615701,-100.2931897,-3.156629232,264.3456873,-124.7127338,413.0435925,-141.6264244,-89.93923223
921.4828874,1005.385511,-1069.258022,564.5430367,-1582.333007,-177.9997501,1.532251737,-113.1826534,-130.1035183,-237.2282006,76.46407363,-46.18194663,311.3359528,-138.9988063,73.10449314,216.7152872,-148.0468328,148.2588013,-30.30696537,265.0996273
499.9769718,1648.025828,-436.5735371,1063.225687,-731.6167934,-585.9988257,370.4918387,-118.7413277,-296.2963233,-235.8781651,-142.7832812,110.6159461,443.8795364,72.63400536,149.3855173,146.4336947,-238.9029498,-22.77358701,48.69020815,-8.917412551
216.1888784,1902.453049,-856.2684762,173.8318038,-207.3098387,-396.2510059,-0.768046099,14.28657416,-400.6450092,-240.8596616,38.45265486,-166.6706056,448.3741679,-155.5259468,237.269735,-25.59837778,-164.5749068,227.2408369,26.03790942,35.68917421
459.6770742,1542.309638,-1230.923708,556.7327215,-755.555329,-168.3693493,17.09963715,258.0679964,-527.8632263,-150.2462262,44.74659109,-247.5926172,446.1295703,314.1528421,177.0312454,-3.912231438,-317.5772837,275.3887478,23.1236068,0.223977795
526.4119475,1701.068741,-784.5528258,865.268458,-1174.487468,-88.76210382,234.1260624,259.13474,-148.4593919,-285.3656923,276.7192861,-372.8360233,381.1798796,-185.8561212,86.55922397,133.2544522,-70.19859672,273.9138433,10.84668461,103.9090885
-612.5239333,949.2676542,221.5973902,663.4369299,-1261.199922,-263.9964224,-327.3549096,32.77446652,86.72882514,50.27999818,-96.35351185,-127.1862769,-139.5707586,471.0852675,66.63580757,125.198611,-230.926542,98.26622691,58.25940218,313.2814746
251.4543274,1262.76127,-288.4951527,1130.976945,-469.7329219,-709.5254484,168.6032604,-299.665036,-19.20376195,-343.3740665,-45.93929143,65.57263812,260.287241,298.7757402,309.2987542,1.123438248,-128.750138,-236.537114,-188.868693,109.8608568
-466.744741,1335.727338,115.1707108,629.2444419,-1292.136146,138.5268911,152.6501983,-259.8078836,-287.4659564,167.5296268,376.3654566,-118.8449817,204.8963757,191.2944547,195.0360607,138.2815389,244.8967704,366.0833028,-152.2215648,-257.3723317
-811.255135,2058.706303,-914.4395976,391.0679296,-804.2816,-269.132903,147.7246673,-378.217184,-266.8448353,85.09655827,149.7006306,-117.3256795,486.2570481,242.193621,231.4387067,26.8863735,-156.6461263,109.4694993,-189.2078557,-255.2893546
-467.9694767,1640.119783,-119.9189168,228.8006966,-726.6780391,-449.0719864,-160.7181683,67.16754455,110.2405618,204.0269632,62.27187364,184.920668,379.3017422,211.1216452,-47.7589314,-362.0180504,4.260137263,262.143088,-85.07735175,-271.190657
-1362.680032,1022.720208,-862.9106873,151.4370789,-452.9038529,-1023.443503,-134.0028521,-465.5093359,-125.8717236,-441.2791333,443.0820609,-207.3690993,-101.6736601,32.2956467,51.42145334,410.3251625,143.8552802,-59.04657958,-37.4152388,96.39871714
541.5752199,9.681550802,-570.2492121,298.451675,-1024.127146,-458.8608092,-316.319144,-594.106327,13.92873008,-98.75264096,55.23602899,-28.84947649,570.6143925,-113.9756206,208.656703,5.219355015,193.2436527,257.0322968,35.28339571,-108.3921154
33.51399894,1930.573297,-1055.862007,211.2274935,-261.9435415,-502.131154,67.41795473,-135.9560996,-500.2541774,-217.5551482,151.9961364,-218.5635606,212.9727793,-153.3437831,344.6700411,-131.5937471,-4.367036568,-74.79597512,-175.7526065,-79.58029837
717.0160106,302.4534431,-616.2409907,-64.76492676,-1150.14444,-621.3179196,-298.2778551,-135.2436755,49.91813989,-248.3323013,295.5843684,312.8789083,-186.2521202,-114.5821133,244.0984479,-144.2337385,98.93993558,340.2878521,39.04228154,-311.5554218
129.0049034,2121.048776,-511.2086401,539.2019428,-1875.570855,-1018.23408,129.3880936,-322.4838908,-278.9203638,-134.8467226,79.45985738,-40.53257551,-12.34497468,-235.7587808,-66.77751758,-130.1190186,-309.2182891,378.8659606,1.675501092,-25.83188354
-860.5365955,1739.20359,-848.3448316,838.4152275,-915.1004717,-179.0130775,56.03763865,-564.9362045,-23.50594929,211.9993891,297.1949137,157.6381273,384.7366047,-58.53036996,66.61104538,292.9550519,-120.0020386,53.59544379,-122.7753842,-151.2765967
822.7197297,1332.544187,-1267.284838,490.474705,-687.6806585,-658.9100977,-60.96838251,16.8119802,-265.4571872,-325.1928428,122.7512413,-102.4509467,235.8804723,-242.8367746,175.1139861,41.43684594,-542.2014594,168.7451323,158.0034916,-70.89459908
-241.2298418,1987.066391,-841.1027332,86.75757254,-236.7894092,-467.2982273,55.32709884,-346.4132557,-182.9182592,-147.7965305,212.8221229,20.0431108,294.7347422,-161.8308025,406.86051,-242.7815596,-157.5445946,3.473474023,-267.132698,-31.66105289
-1015.19632,1659.132353,-727.8731149,91.57073073,-238.4825004,-890.1088106,-241.8383932,-699.8804722,22.21199872,-304.6725983,378.572934,-143.1703348,48.30088317,-195.9919195,109.2398021,74.15392982,172.4173214,38.62486946,-73.64368928,2.069749642
184.4375779,1825.378756,-624.2408631,576.3315328,-242.9869019,-662.4993537,-47.43254093,-135.7480346,-541.2076348,-215.6152277,-141.6490705,-41.92808166,31.79905611,-308.1077184,269.3032826,55.99997668,27.81429426,-198.6172545,-148.7455486,10.49882031
-489.9383319,2050.83996,-821.6208022,-5.908497181,-288.4565581,-613.2466362,-38.651576,-572.8235372,-266.5182815,-157.5442474,339.7322261,-173.9526988,175.1133935,-225.1274157,335.6995342,-0.650984478,139.6014335,-42.72548166,-164.2599163,3.590860515
450.6861195,623.7277402,-345.9429909,617.0390874,-180.1608854,-705.6981617,307.8954516,-75.4824078,66.15447132,-18.97954502,173.9620583,-35.66175049,2.177613735,-100.3837095,-33.13443562,-172.1241292,-305.9188344,-167.4902613,87.14083172,-59.37480096
-28.90966192,1966.95761,-964.7161859,-25.42068594,-332.6488791,-388.5519048,39.22666451,-157.3901198,-511.9266482,-114.289904,227.3463399,-304.8473256,148.842074,-140.5674531,447.9448831,-221.8540738,35.78655587,30.49934785,28.28299692,-64.07417198
614.4786048,1318.519782,-591.4671447,584.3167323,-319.5537653,-772.2589273,-48.58536577,260.9976553,-645.2060679,-342.8791364,177.6856673,-115.0534822,-107.4958202,-166.8249033,60.59369714,35.59224901,-50.82746291,10.93291701,43.17034223,17.14924419
219.4051705,2019.667111,-1052.904159,482.2204037,-416.6486381,-548.9573553,6.488469503,83.44445861,-518.8903608,-20.6755778,68.33466818,-120.7544403,367.6097675,-60.84599596,80.95652081,-6.950869112,-94.41076471,120.3861659,-51.04049716,-68.0665083
573.8728059,1150.749366,-191.3729953,-367.2692415,-849.5042178,-299.9383797,225.3846488,330.5254219,-205.9182436,-135.3546217,84.3240357,307.8171444,103.6010606,-19.77948429,260.0687208,97.33952818,-130.5493883,213.7514193,472.6674441,-62.23386205
-101.3137557,2007.9995,-605.5026238,574.7822436,-440.3055371,-263.1909848,0.339126262,6.502068192,-502.317312,-120.4621646,-39.81735487,-1.818089224,479.0815122,-114.6175436,227.06129,-0.849193176,-130.2888922,189.9716739,-177.4531518,-177.1117212
-14.25352542,1896.426272,-1086.479234,432.7358339,-378.2990896,-532.3507506,127.6100483,-48.51892168,-335.474863,-29.33086223,-83.20488323,41.65173558,330.3977224,-18.07193891,29.17486744,-47.82793042,-123.3010464,-194.0071737,-234.8250286,-183.3025056
107.8480618,1640.868184,-1409.263803,209.0337756,-694.8841159,-345.4176334,230.8669878,323.979103,-128.2097595,194.1779217,194.0612645,-469.6933578,26.75018057,488.709957,365.3300947,27.55390375,-223.3986092,24.78415303,4.043401952,-224.1381113
-819.3284977,418.4128899,-262.66652,518.2091952,-1635.579547,-431.1735746,-51.99295894,75.63912469,-604.7791928,609.4423886,56.85815729,69.47119002,86.72730713,-175.6748006,283.2693316,-413.2754299,-293.828657,13.02727696,82.53977723,-136.2190407
-910.020359,565.7199312,-694.2585368,-718.716942,-1330.732428,-199.0916691,-31.44797374,-99.85448029,-712.7151757,208.6379992,51.60096018,-175.2250818,9.718325852,-78.89301349,277.9970036,392.4165578,-463.5131737,-455.2290983,-62.88921367,-53.10757281
399.7096892,1079.4423,-145.5960579,384.1040259,-598.2871948,-545.9932632,285.8031847,417.6939803,179.0183638,-149.295214,500.8906075,-1.043166513,131.127258,-93.98033231,373.2390683,-35.95475952,-135.0426161,147.1533142,199.8919999,-15.42502173
-960.1722518,572.0209239,-766.3144316,602.8814543,-488.917953,-770.9318114,367.0977092,-243.5944969,-187.0403584,-208.6077322,-27.72568018,498.6735129,294.3536058,399.9239565,181.9226939,452.6119707,-258.8639916,373.0271995,48.29847615,-76.35022959
-642.4917434,909.2942968,-75.57485758,756.119731,-1253.479867,134.6469868,-344.9353537,73.00045708,-489.2722248,-409.4434665,571.8151908,-288.2686444,96.28949951,154.6986272,-23.9686929,83.04762955,221.8298162,222.7896884,23.75150029,-56.03019586
-277.6097411,1211.701833,-287.1551439,443.3382232,-178.3322964,-339.5073494,-495.8442923,-176.4794362,-238.6477605,-211.8085243,-121.664917,137.2966279,239.9401559,-59.53502417,218.0072815,167.4132804,-94.04001053,8.336902558,-264.1252107,161.6067163
495.6092432,1149.000278,-728.867445,813.5121852,-722.381337,-303.0633417,206.1188651,213.2870946,-187.5843765,-42.80287892,-457.1797337,300.6705963,118.570378,-1.692735801,-59.61611906,114.935904,-158.8913787,-257.9874309,423.4317504,-152.5433981
209.5271302,1503.717163,-1482.886393,751.5561147,-972.3973689,-205.672197,316.4225246,-101.6112317,-117.1756401,101.4435385,165.7670027,130.3221521,-4.33516934,-458.4635896,-257.2720655,86.44914266,103.6556084,125.4184874,19.82694041,196.3718089
458.0241221,1283.28906,-3.955327077,83.27804514,-822.5999074,-358.7125814,162.8976735,-13.63696255,-591.3513352,399.5068895,-100.6209362,124.9190676,-60.40593122,-12.36732997,109.8753948,264.7180948,15.26058201,35.2618491,-92.90062594,218.9789328
-620.6693077,715.9388346,-260.3023521,718.4803142,-631.996348,-307.9451745,-412.0171917,394.8459535,-275.6849303,-114.0667271,266.6687095,95.26044889,166.9405472,44.04418169,-105.2594565,-271.8171542,22.58646498,83.67396982,151.0312584,-62.29262395
670.8373931,751.9348829,-1491.898019,849.7124992,-1247.158988,-11.78180489,-103.2639935,-212.0107739,40.28273524,-207.0125802,-75.25016592,-143.6124286,-132.491818,52.71050294,-34.84692975,-13.72476867,-153.9620899,137.9503017,-172.5855966,-27.33504373
83.96222871,1731.516695,-999.1593203,200.2506358,-567.4798176,-866.6744824,141.289682,-126.0930141,-456.5126662,179.5977683,194.4336255,-311.6136642,-358.0431392,-504.1615536,316.9582044,216.3715815,-27.92786906,53.8194969,274.7442683,-85.51720544
500.6104151,1004.875362,-1512.673079,443.0370647,-805.2181657,207.3588947,40.1003251,-100.4130905,-259.648256,10.46019302,-124.1585827,234.4809631,-96.35242958,185.6174597,-55.29492913,-163.3562387,-223.6242628,-61.80444225,-77.51999711,329.3665248
624.1459276,1083.816679,-1584.078849,753.6798636,-1103.096736,-435.280093,-209.4136962,-36.71050439,-41.11178684,-6.399847739,-440.9259528,289.7035315,-104.882533,70.66700927,85.58847591,107.0610579,-146.461316,-186.7805969,164.5732508,-316.2900444
469.5853762,409.7242666,115.0432528,276.6526432,-868.3708149,-404.4530189,508.0843398,-151.0389213,60.71845657,-355.1542548,157.2507117,-79.98472386,-129.7525211,8.613120886,-33.69958544,-106.1269611,-131.4469402,-181.1610899,-231.2138643,-263.7592082
693.0552124,1075.410679,-1594.710287,700.2219571,-873.721632,-432.1601747,-409.1391616,39.21036338,39.266689,-176.1618409,-41.28545679,48.26487805,86.26215894,145.9829745,142.1132574,22.30087094,-222.9431308,168.504044,7.051214984,104.4561894
-1006.009583,804.9816035,-471.0369078,245.0967046,-924.6876594,-1085.64059,345.648276,144.9589829,276.6267899,-124.9324701,14.26317084,-292.3715061,555.0253117,5.187843187,269.8289712,40.7438753,-337.6123925,-111.3313884,-7.840590612,244.0830598
491.0131879,841.8918746,203.8860522,233.2518995,-853.9969993,-251.2162761,481.3687144,-75.33838494,-64.24496228,-595.7851179,126.4420523,91.04772034,70.53798169,6.089554137,291.8143192,138.5583552,-51.58687023,-195.4197776,50.29472738,-118.8916601
429.1754461,891.2784162,-1729.61515,715.5486928,-1486.817137,-121.3963886,-75.85083378,-478.2344656,-2.55579494,62.24424935,-192.7079002,379.7614821,-442.1930996,-110.4886996,265.1868858,50.44030746,268.0293262,-154.4941734,23.83521439,-230.632692
931.7045838,1355.300607,-719.2224253,179.8218253,-1465.478095,-540.9131598,-68.72791364,316.8244568,-147.2928804,-307.8711135,418.4941377,332.3961687,442.8113761,-40.11417247,224.6058103,292.1311356,-94.75312148,-1.709317951,-109.4586283,49.80855679
-208.0507548,2082.735027,-1458.850453,-62.68824159,-443.0688998,-656.209,302.6551338,-198.0554655,-162.9423801,-4.367450899,321.4811785,-126.6787001,-4.468169357,211.0400832,8.594135332,-87.21966218,-50.60483602,9.818277578,-278.1982841,-68.62256043
-374.8436129,2051.327665,-1500.891168,215.3718827,-356.8615498,-506.9117272,449.3328592,-279.6538757,-65.80351258,57.77500511,242.3644794,-92.33675774,113.3801933,258.0371761,18.18475306,-46.8107341,-54.14695284,-34.79838208,-220.9597832,-218.2390965
369.3903414,1743.102647,-1712.621914,53.79662637,-547.2616638,-704.7754413,-111.1739545,29.06430153,-182.3399129,114.9794021,436.9137661,-208.791652,-234.4834459,15.72889845,224.0854628,-85.46578226,-45.79380271,91.26698735,-121.0818371,16.98723038
406.9277966,1563.332533,-1677.784671,239.397479,-467.8698966,-591.125532,-191.5096217,147.0696217,-158.2429217,45.67694618,226.0294682,-144.8569925,-89.11834232,86.4718605,60.18973201,10.88644583,-106.7484882,65.41220227,-183.1892233,127.6115304
451.4653509,1198.209009,-1838.632038,366.0363609,-1002.81463,-334.125638,-387.8623063,-87.19300988,-359.4998385,-65.84121309,8.468223448,-0.802053244,38.00526092,543.4034404,410.0251885,-58.08988072,-155.1332742,81.94118426,-88.28204533,-384.7990329
121.5373286,1564.182864,-1715.348561,630.5904297,-658.1642364,-141.6402383,332.4178082,53.64453747,-87.10061494,288.7180825,138.046174,167.1741306,-144.2482873,197.9012681,-113.2924153,264.7706749,-299.3495806,-52.78938962,-320.7575035,-75.88940387
98.71672703,1299.912918,-1821.99209,422.4032243,-726.2580594,-552.6559697,-43.88482911,5.913913654,-295.336751,67.57096362,104.0767325,-32.02455539,-212.3656713,567.9669623,303.1734322,280.1506202,-68.46254568,44.72937025,-378.1820341,-264.0885774
-456.7278103,983.406555,-161.0140765,670.9835394,-337.4562807,-504.9171284,-665.9941312,-18.84243036,-300.2349699,-179.0061746,403.5898475,37.32184269,21.40839091,294.0541769,39.65563895,-19.24847426,42.30941377,-32.38881779,97.47573331,96.79462008
-299.2918058,158.8119859,-501.8660426,269.2327974,40.4207016,-262.9184316,225.697993,-113.6696578,-93.41846225,-152.2786426,123.9938403,142.9117717,-30.24618142,18.1408671,208.3714022,355.210603,60.04468663,359.1404584,-60.17002957,-281.1842577
557.2368578,1384.044398,-1419.470576,237.5245811,-628.0277033,-665.586403,-374.3467532,200.2050946,-68.81028413,52.49317851,195.9035171,47.94561588,154.7360579,-137.7606253,121.7245269,167.2958164,-209.4281315,-42.56846584,-355.9537268,279.3874323
754.3361864,1086.811207,-1094.861382,167.8604349,-1245.335688,-877.9007517,-469.7016106,174.7969124,-153.3569762,-14.04185416,495.177057,29.11527694,49.21775845,-85.56490884,609.6057449,112.0253388,-213.3210341,254.1168467,-184.6932295,-117.9082463
-108.963636,1777.120753,-217.3982623,521.9695472,-807.6253948,-306.6372256,-97.83400217,-404.3258336,-477.4270503,-533.2335786,-116.0476073,443.2571857,618.0545143,61.3086482,156.5556724,259.8478302,-280.1204173,-29.46247358,-157.3987597,70.64461792
-206.8454662,1796.774541,184.5266616,971.7392016,-1266.664953,-585.2052376,-45.27387867,-85.00379103,81.63011873,-274.4882823,44.46669433,16.90253389,-126.9580488,301.1633092,488.3348707,-136.3334677,-190.4302557,37.29648941,185.8692451,246.0148782
532.9151722,1753.998804,-374.2479093,152.4030881,-666.3419472,-557.6565627,144.5125264,175.612935,-550.8372628,-348.3954742,85.87114957,68.79994645,351.2198197,111.2276647,346.1364483,-68.27767932,-293.2756293,192.0650524,134.5087185,-86.80365306
523.5633156,1278.033051,-1794.924081,705.0736912,-1011.217501,-227.7907761,-227.9862736,25.71790374,-146.9614337,-42.57126233,10.87745994,138.7493517,57.47224507,212.8581384,158.9096226,143.9992875,-173.1161782,7.547434193,-106.5569916,-46.62392325
491.2447587,1848.966297,-1293.618244,21.95182995,-727.254776,-687.2696544,-111.9766511,90.56403835,-243.1389303,125.9077845,504.8601331,-94.48323944,-68.08990017,-46.65903133,334.9753637,-43.31160949,-76.42649928,258.3183124,-59.36662683,119.6835316
-109.8111888,1401.555327,-65.27603168,-603.3907432,-1271.955526,-381.1158807,-11.64886775,-293.9714146,180.7226783,268.5077708,-40.38010625,560.5804028,167.259612,-295.1503722,-210.2798213,304.5984993,-153.3441703,-2.449927227,66.99456011,-31.11596135
997.9465245,925.2067804,-703.3847128,671.4616992,-737.1215831,-1122.962792,158.6545282,-205.2833516,-264.8836226,-95.78010379,131.8315512,-28.94378985,150.7866854,-68.83369367,-18.77148927,19.15737021,-222.9999867,14.39108332,300.977362,-50.73853746
349.8650356,1683.860914,-1149.316713,941.6889667,-688.2708323,-196.1513743,341.5210075,-121.7752049,-294.032175,23.62918943,-265.6627091,41.10493696,201.4863819,-169.7835814,66.25030428,73.06633315,-279.4106293,34.03327987,155.2331677,-72.26080018
290.9425627,512.6261875,-408.5913636,657.9910946,-588.3645031,-352.4771916,283.3624849,-385.9454677,277.901627,-216.5114784,-240.4898179,109.82976,114.7944572,-230.5686972,-125.9860051,-169.6710239,3.58827704,-140.2180625,311.4197608,-77.84990829
404.4631413,1374.037222,-1488.879981,434.6190349,-417.5075354,-312.2998187,-67.44420314,202.8984018,-348.2226322,55.20526531,28.7696404,-198.6288176,97.50911547,251.310053,104.5679208,120.6655989,-340.2265472,4.28977497,-57.15404617,-5.111483154
-713.4964081,845.8964061,-483.9579127,-859.1376398,-785.0601189,-804.9761679,212.3839159,-498.9779393,116.5472977,-375.6934851,-91.14696524,-137.1140646,58.47403324,107.260542,-228.8654043,-35.10935191,-150.8762465,103.5004156,67.31244902,197.5364828
450.3857264,381.5883264,-186.4914415,410.6487731,-513.9457064,-609.9501062,366.4865151,-65.74016518,97.70536806,68.51055079,377.6970986,-260.5400544,380.9174689,-15.40127861,-22.96155432,-11.40414541,-100.5323499,-219.961269,-187.0159963,-209.7465826
317.5868057,303.4238069,-853.1335656,578.5401208,-570.423979,-453.5680233,-472.0773936,-371.0582208,166.9566889,-110.3144631,-420.472177,181.6179739,133.8076976,21.69412114,246.5772204,-108.0386164,-165.1372189,129.5947512,61.62003847,-227.5789275
-1054.051653,1759.984176,-863.7166129,958.7176121,-1183.980751,-1006.317537,342.7104616,-427.9217709,178.3731018,-317.5120489,81.85192289,-59.21113383,81.41380942,-160.1000718,125.8253532,176.3641141,270.7682372,207.5956178,287.275426,-254.0499231
612.3172689,658.9767394,-1094.663813,483.0501325,-534.1533575,-588.0905023,-256.3715533,99.26466071,95.45891939,-23.41441696,-257.7056391,31.2953611,-18.22666235,116.3955558,-1.396207719,73.57989521,-523.7928121,110.4813921,191.714064,-42.02723882
276.8019068,1613.875542,-86.92773545,4.711101688,-1322.359342,-399.3333837,107.5660607,-376.1046767,-566.1114585,-554.4842055,18.14605186,171.0428198,162.2405204,-152.8397065,-177.8797448,282.8480268,-207.5076999,106.846142,-358.1604687,-101.7135733
722.7161001,877.121011,-1390.10588,598.6934784,-710.8036112,-592.776372,-449.3869951,7.987319027,103.9867771,-182.4378691,-82.65395385,-0.339797557,2.086018326,20.58522027,99.04669333,-14.56062946,-546.7164855,162.3355285,-84.36401256,37.78223483
525.1626542,604.0051022,-1299.44281,498.0634695,-571.9350267,-450.8605318,-601.1075645,-258.2352424,108.4125223,-144.1091881,-249.7317653,175.8829669,-71.97628665,114.2108626,350.4148793,-153.7201177,-468.8970489,3.876448317,-299.8337548,-1.482174149
-1509.282582,1147.828749,-1086.061221,571.8720177,-959.1718615,-799.1949089,-135.4173895,19.10450933,-360.3470458,-662.7779024,332.4382678,180.5232775,394.2873832,9.737784741,-155.1373611,-92.50523638,-184.1068034,109.3178157,-196.3373648,-85.29738113
558.8563139,1164.046036,222.2405071,286.5977539,-816.9048186,-751.9209465,621.3551706,-65.96513804,-256.3735818,30.55763763,345.9696995,30.4883828,-43.25636078,151.4646057,338.7515367,-50.50974289,-108.4821785,23.35681542,-286.2130616,-49.52709887
531.5492101,547.3643142,-1215.315709,660.4470593,-834.788498,-564.4984063,-663.9019615,-352.4131305,256.4047432,-181.5396266,-224.6382077,184.1191676,188.1544608,-158.1806937,416.9573229,-36.22416592,-322.1265027,98.54050457,-183.2114675,-28.90013413
886.0182814,1119.421381,-235.1478152,145.9627734,-1243.813115,-596.1857383,417.9802234,146.8360408,-483.8104197,-202.6771961,316.0184241,-92.26349712,297.8980821,-40.67251208,109.1118355,304.2780225,-64.18844233,6.971375071,-217.369839,-113.9165636
611.9792945,812.4816834,-1247.021654,692.3463787,-1031.517484,-455.876326,-514.4967858,25.17437307,378.3448302,-544.1486172,243.1439972,-126.0993234,-17.01602503,-250.9609367,192.665623,112.2882366,-180.6785845,380.734868,-129.8390996,-119.7852786
793.6826192,145.2029575,-444.6116136,471.6027896,-1235.65373,-832.6002705,-121.1171746,-391.0497461,-149.9428867,-62.2662006,203.2652988,-28.04161559,405.3697428,298.4711646,117.176944,-42.31734848,60.91944632,23.12919911,-370.8475003,-142.4449588
248.9383319,1335.152888,-1299.028556,391.5685263,-1163.02954,296.6490618,302.6761046,442.7519228,-47.22230105,-149.1722048,375.5750149,-198.9888311,72.17817918,338.1430158,161.9337725,180.7976721,120.3606877,113.3615688,54.01410607,-247.2056341
421.0014493,1718.479213,-527.2396885,796.5825248,-817.6553656,-556.5907394,73.97780924,-339.750976,-335.008194,-740.3446037,61.47917328,126.9751405,447.0654769,5.211501834,414.8915668,131.5685435,-61.19271993,-122.6364491,32.78751048,-112.2039658
767.9457172,642.0107847,-395.3420921,600.2171419,-883.9987767,-808.0553427,580.8900996,-114.6650277,-109.7047947,59.98226195,466.0573819,-330.9931721,322.0451048,110.1939533,-106.139712,-115.54757,-139.4881384,-76.8420258,-258.5051533,-8.089452747
493.9327572,465.6819106,-821.9028373,813.0506446,-811.1180159,-285.3275881,-42.5344115,-54.75470887,30.86834165,-268.9042567,-142.9226528,-123.1765537,82.85715112,-176.9951297,-168.3710386,297.6891113,-244.3602705,287.7156503,211.6157506,-22.35097783
385.2039804,374.4561952,-632.5004401,200.1960112,-886.4435564,-383.4002924,-301.6398479,-71.20664983,532.0573021,-183.7102868,364.091304,31.08762255,444.956187,-56.14790896,280.0642072,-200.1876779,127.0939154,241.6466499,-27.21939876,-104.1815199
906.4517231,1232.978029,-398.0874887,767.8452502,-1661.981998,-758.8194521,262.4806602,-107.1578001,-372.1254618,-194.1997726,255.2264861,212.567123,159.8615531,43.96885954,208.5341197,-119.8623482,-239.0687405,45.63685605,-330.8487754,-94.8685456
437.8586351,860.2900607,-1303.990401,681.4049372,-862.6960529,191.203479,-36.11750252,-30.29434648,-142.1936527,-401.664656,43.31521558,-246.612318,-334.2328803,-68.90952491,-88.90049351,251.3165113,-122.0755774,243.9162205,-241.3378904,171.3461695
496.2847319,1588.977901,-373.1120302,-347.0508529,-862.630513,-241.701561,193.2324739,160.4269277,-229.5188655,-288.8097265,273.5400942,335.9294903,406.4376132,-268.1308723,224.4200554,258.700205,-183.8974085,23.90542154,-39.14284454,-91.22282607
448.8781415,768.1506575,-1165.252491,668.5285972,-784.9568529,-133.9197144,-302.3783816,178.4995059,234.9988937,-234.4253445,87.33836301,25.1038588,60.38517134,-90.82788597,114.9751954,257.3383521,-218.8635425,139.2332223,-279.7642372,160.4153838
617.349855,511.8678253,-685.8333186,-172.9235013,-419.5907943,-241.7837329,43.91070026,12.41857638,-453.9827655,-7.843616419,151.8235339,145.0035526,263.7379873,176.374091,7.400364489,132.8175121,23.00102249,12.93449204,188.5871023,372.0177152
157.5268852,1562.764331,-953.3951028,-634.8994935,-1118.34977,-328.6798679,-60.23842547,290.0367842,175.8648268,51.9922001,471.0941468,230.5195745,137.6968802,157.7528947,262.276221,-170.0990233,49.24647774,-37.60104716,-30.07824235,61.3428245
-235.9109876,2225.376019,-919.4469324,567.9485595,-667.4114812,-654.4080754,-146.525012,-380.2759983,-448.8177112,-317.9122423,127.7383372,-110.8970779,29.11202638,162.1350942,398.11457,274.6715741,-0.241828858,-199.5121735,126.5584467,-230.8304395
-690.7961137,242.4097822,-560.3121592,453.9898335,-248.1614872,-274.6423432,310.5732124,-98.61518253,-2.850720452,-145.5778823,194.3088465,305.0455712,16.26299736,218.8631563,200.3180538,492.4968082,-168.8637583,498.1603254,90.75574468,-249.8043514
297.910272,1319.690463,-900.3686509,-170.2764518,-640.1468611,7.38906159,-100.5099848,308.982655,-67.92031746,87.07385708,234.0790936,28.42248303,504.448896,-30.48559971,190.9607226,111.7255394,107.8722784,-42.94436946,48.62509365,187.7879293
308.1406891,1498.940302,-59.0899327,623.1726173,-630.3468373,-490.2697296,224.5935382,-67.69053993,-428.1042939,-505.0739641,-18.80408458,135.8330404,400.3532867,227.2561003,396.8938318,66.05926895,-169.2803686,52.34609386,-148.41396,-138.4822236
-330.5691492,1426.655913,-120.6661334,115.8922497,-537.8364358,-82.60200697,-122.3694088,37.61099464,198.6121825,110.2463708,34.77054475,-56.49507099,491.0651807,-173.5218844,360.8787464,-85.39772582,-155.4066991,142.5958498,-290.0956106,-171.6118731
825.5067606,526.3681333,-522.1655534,206.6137961,-924.8139832,-477.8464937,118.9778093,166.0154559,-127.5862424,-526.2246437,242.6504327,32.82208362,354.799807,78.25008489,-214.9613769,353.9501121,-133.7908841,-22.9833001,123.2655985,77.98080006
498.1513114,331.0282785,-383.779513,695.4372918,-656.2243602,-667.1505126,216.2848712,-22.3301463,17.93669748,94.73511726,244.5382848,-387.6494646,247.2868183,102.3746047,-176.1714218,-56.31578453,-238.6439433,95.68333008,-180.3953095,-104.8249406
392.6815183,1707.374282,-128.9753552,212.514316,-1243.965171,-842.3891288,-20.19559538,-400.8623616,-750.5142214,-118.8827638,340.1359507,-169.3909893,-275.7690843,-193.5337282,286.7411728,153.3600287,-121.1535179,148.6103569,-271.543744,-21.9981566
-828.3719918,1457.707851,-489.946484,179.1446504,-1883.529083,-382.0849796,628.3045646,-633.9341495,-450.8722185,463.6119873,-315.047999,-395.010265,151.8071042,-170.9242643,78.66972663,263.1090154,-199.2749575,148.3040539,59.06944415,73.07554248
-476.8687138,2027.475643,-1370.61247,619.010486,-2072.756518,-936.0698828,427.996258,-728.1417486,-332.2204891,-432.1564378,134.5096814,115.5704922,22.56234167,165.1587936,267.8275644,49.18789269,-40.13941006,9.194412267,120.1118635,-215.7846674
-206.7818737,2290.389235,-1288.873466,81.49310886,-878.8467462,-819.9954293,196.3091894,-118.6072235,-128.9865978,-23.54203285,298.4236237,75.54875466,322.9536665,143.0879205,61.84791354,-28.81950222,39.13693792,1.986848516,9.274947567,-50.79387545
287.6222064,2022.341679,-1163.199377,204.5376649,-814.0385348,-1024.615842,18.40163654,-63.80108017,-383.1367533,-168.6471187,181.4229362,-490.2386152,-213.3794389,-83.52888243,505.6964451,-28.34744746,-47.07302646,189.0565002,108.2282297,-159.970123
647.8359629,1602.44971,-1286.299007,829.7621339,-1423.849722,-770.3442028,-82.88384173,-189.8754161,-120.7080873,-213.5813782,226.5460981,86.34343468,125.1290145,-397.093636,183.7575527,-57.52679432,-77.11627627,100.2080613,-94.94295876,-130.1974035
332.4774505,1505.567036,345.5380055,384.9169526,-973.695171,-801.2811566,265.5335296,-54.69970947,68.58946005,140.7383208,60.19715143,174.3630921,-267.7933045,194.9431058,457.7726499,-63.91552833,-407.9479407,183.0385019,9.55496888,-84.58212248
390.2309114,1685.249887,-1313.121564,498.9872597,-1285.442405,-339.9462991,-192.9678327,545.1428684,93.30488206,-172.3783842,385.7686321,-236.0482959,194.1157973,67.60527397,206.0356228,82.6207255,-10.80648229,287.3184004,-161.449854,38.2635026
334.8779741,1884.983954,-1732.094313,550.6046839,-1078.504371,-496.4745591,12.24247935,112.555857,79.8902297,25.69217185,333.9978627,-179.6152006,19.71439922,120.3980877,142.5247175,67.48042855,-33.97289149,95.7784413,-89.38506155,-205.6436283
845.6391221,1581.409755,-950.0916562,578.6161701,-1200.696363,-927.2616653,74.83412875,-173.6332016,-359.8600587,-152.6511759,220.7981841,41.16414875,377.702292,-273.2773661,362.9518758,-41.89190688,-293.119158,-124.4377621,45.06426858,-203.830127
717.5718178,834.3943102,23.47737036,396.9363692,-1141.779983,-780.5129007,725.5943819,-107.7054745,-90.61862818,-245.1728235,333.9747157,-109.7957449,53.38652427,35.30476998,3.1737649,-171.1021432,-209.9933213,-62.20696479,-314.7359335,-254.9891463
822.3372482,1171.591235,-1265.689473,405.2543639,-997.3213037,-702.1710156,-447.8410043,134.0997201,7.029686553,-83.79418472,356.5310081,210.5297705,98.09224478,-366.2123487,282.2788742,371.8681519,-185.4159516,47.61925663,-186.4112313,28.91669601
-1330.747253,585.4413149,-749.0846147,161.8720521,-772.9020294,-1244.476383,77.86646896,462.376931,-388.0266819,-440.1304663,-351.5731157,-357.0226225,378.3058944,11.65232454,529.059085,72.2473969,-148.8420722,-187.8232757,-290.0228314,255.4147493
866.4732772,1509.693383,-1035.83645,577.7872543,-1457.920023,-682.7864555,204.8403175,-352.4170897,-409.8802569,-389.6725505,-13.05208309,62.82849839,441.9974309,-167.243587,318.403451,-213.939813,-358.7014031,-1.143820913,32.1966445,-186.4016292
425.0084608,1954.425936,-1078.68303,842.6380285,-1360.007404,-828.8867375,-28.57665817,56.68473114,-310.2446954,-188.9060799,104.3554819,-101.6717606,62.60267326,-124.3211143,130.6537435,-255.4562674,21.61598518,197.4910362,-163.6095015,-312.879282
1014.388092,819.502465,-620.2901554,201.0898193,-1558.178803,-866.5686893,-148.5214572,-70.03485935,-580.5262535,46.01166281,274.4043927,63.84844558,303.3723125,56.80859912,327.064401,132.605549,55.39269488,139.9972655,-370.6193597,-18.3860866
-1249.921006,693.3349493,-1185.178001,199.6514059,-943.4792993,-69.70584023,331.0452346,-439.3939081,-195.0132748,-170.6859579,759.8609195,418.8840571,357.1663771,324.5172814,124.386732,-341.9603659,-506.2199357,-46.94116694,-15.72272876,152.2564567
754.1508955,931.2127567,-1013.502048,247.4100047,-675.0902769,-685.6661763,-163.5970067,-82.96940966,-664.1825931,-281.1895889,527.9808948,-344.2813027,6.394863999,-132.7057947,227.4359328,22.85304068,-214.2915329,572.2172597,135.8553987,92.45844327
-84.31910857,1618.467211,-77.3101546,583.080214,-769.2711213,-26.30532886,190.9937748,82.01677814,-420.3091156,-60.6251093,-21.04891728,-210.3762745,367.4630989,377.9229183,468.6421845,37.73226413,122.5501845,278.6284369,-1.665936479,-168.5388547
-1115.173841,738.8655842,-596.7820067,-240.7721473,-671.1440529,-907.1126194,-231.2147615,119.4788015,-327.4673983,-506.1969592,219.3456898,-428.8876592,335.0775429,-139.7891758,92.38871894,-213.4973419,-104.8167691,-153.1611263,-116.6627773,165.1767363
596.9294861,365.7229826,-1122.665956,152.7130104,-702.9806886,-400.4340657,-595.1878159,-453.4231578,-450.7927199,-91.64974049,104.2110472,-244.4099303,109.3960223,-160.2930378,451.3369048,70.114246,-233.8592154,252.1975264,-330.7579257,169.4230928
396.0992024,2066.584952,-567.2078639,462.1710673,-740.4719689,-668.0903623,18.32568929,275.9653521,-193.9791832,-5.447064107,365.1053256,54.49346762,341.4218325,-150.9675939,204.5979466,82.84052698,-194.8439416,233.6174793,30.5154711,-3.625000349
-1804.074422,1172.561995,-1148.217656,796.7155496,-1487.098908,-1153.643998,142.0217481,498.0892329,-446.649025,-300.4127758,-41.2184407,399.9214513,22.64341103,-224.7535913,269.486266,215.5136282,33.41604119,108.3003657,-132.6554297,-40.12660366
-1102.349043,1003.450514,-609.0726871,447.865426,-1026.313378,-274.5783273,-350.7095602,60.60655359,34.15517572,-216.9370532,405.7300877,-252.742776,556.8512823,242.4181036,-8.86145632,-186.2271074,-442.4748529,69.55914969,-9.749795068,174.4018847
406.7460621,1666.313229,-531.3863871,568.7895883,-187.6013477,-670.443129,6.816778263,35.53595092,-573.3784552,-183.5703566,82.53023341,9.130446732,141.3555159,-284.3953091,38.85198676,96.26374089,-47.83708903,178.0950302,142.2477041,33.92234204
-1056.802432,650.9499338,-671.3442841,601.0086639,-997.5075706,-682.815014,61.58659066,551.7604382,-555.9931486,-27.82816401,-112.7679441,-37.96597866,350.6805789,-42.46049393,149.016901,-367.4105814,260.254058,200.7274952,-291.8298319,-53.63850733
841.6289123,806.7150633,-1166.210726,394.8715818,-660.7604322,-919.7810352,-9.957297744,-344.4097759,-232.1391399,-124.3640978,153.3631157,-263.2758018,107.5377494,-279.5850484,18.10092894,13.80069926,-394.9121539,286.4762603,105.7642541,-112.2857741
-1074.682962,935.3801542,-520.02865,932.7317052,-1570.863864,-226.0136793,-149.882436,447.804051,-470.709674,134.6300576,324.3295652,-129.9698302,357.1446605,1.411021202,60.92868601,37.66611668,146.992451,35.29379035,80.98429134,-221.6773873
670.005353,718.5850436,-38.64459122,370.6325959,-786.5310593,-574.556331,697.4219974,-184.8905034,-104.5791427,-313.7339448,347.7248736,-131.7950023,113.8624654,71.84842625,42.44465437,-89.25855372,-148.031137,-309.0543012,-291.0963414,-171.9041545
664.8080664,442.7561328,-969.9910878,292.7879529,-565.5091488,-722.5735259,-603.3449836,-443.6329336,-500.6043662,-313.6268102,175.9647079,36.36512028,91.57448744,-274.5733616,334.7265918,78.66565707,-189.61651,388.0508896,-140.479732,71.45381435
-205.8733207,1124.682529,272.3399914,701.7698475,-981.4795133,-288.0030257,-224.2302049,162.2815498,207.7463368,-280.8050706,316.3778502,100.1406799,-248.6730233,283.4980862,498.1424935,36.27379988,-174.6295255,24.40463689,51.28165286,390.1106001
-461.9993191,1282.829245,-226.0588979,-615.8031235,-851.3473345,-681.5509119,-245.496662,-516.4859037,-224.3372638,220.3661521,-182.7008176,118.9342761,23.14140301,-173.8993126,-134.9706947,6.369759907,-505.4929152,365.8598359,-163.0449778,-42.28016122
-974.5988575,510.2271369,-570.7754381,327.748886,-1456.515965,-269.222993,200.3053544,-696.0672104,-187.9536197,-135.3782419,759.8118061,-238.3794925,190.4595749,-555.1283485,319.1696555,106.0574466,-265.6639001,133.5327211,290.0134288,64.77061805
-42.01416122,1446.999863,145.1251694,589.4198636,-415.4117773,-795.5631398,-217.5632302,-407.270974,-431.0975662,-14.40103142,444.4127573,167.251802,-192.3326003,49.4643606,381.065857,77.80826472,-41.59637602,116.0312454,-152.2239742,194.9820254
716.5718218,567.893508,-517.1835956,459.3311207,-579.6337941,-869.7288287,53.33279707,-22.3777105,-641.2631515,-70.32870203,436.1627262,-404.5051651,55.89665673,127.0015842,8.232218806,31.1307637,-98.86549525,393.3717683,-81.45061234,59.50704704
565.6851573,284.4399414,-653.1771431,479.9220919,-629.590145,-746.9662538,-540.7807602,-174.7153928,45.18847799,42.36232824,-13.46691991,140.4816284,167.4161677,-218.8411645,172.3140257,195.7021647,-215.2490458,225.1976704,-113.3633664,-111.5447896
-427.9733763,890.2159638,-84.1524844,191.2134975,-768.3485469,253.4653008,-243.9838048,-283.0652097,-103.6623311,-185.0433951,333.8511653,-241.9131651,309.7768164,-95.99400779,169.8943636,126.9256358,257.370737,183.269138,-177.9252978,-18.05830818
604.4304177,1305.708171,-1056.704037,130.9814812,-889.4611029,-398.305252,-159.8818332,447.5851268,83.65224183,-80.41504224,576.4643134,-88.49821632,216.9096819,-297.881172,292.338649,291.1513322,-241.3928131,132.6022547,-15.56124016,29.70841476
-459.8028359,1561.838484,262.4465663,277.2406682,-813.0488738,-956.4394852,-255.3140323,-363.4892536,-470.6795709,248.9069126,337.2370493,217.1562484,-231.6921999,47.25071782,55.73020714,-134.8696712,-222.3687489,189.1500188,81.15273987,48.24460233
618.0065924,1139.578615,-316.9840445,295.3307075,-354.4544196,-782.9293692,265.7604236,107.5426697,-671.5428879,-365.1774736,314.0275633,-157.4170899,233.5435219,-49.68753279,275.2836472,9.334428616,-317.9729203,39.08860756,-21.92043877,-247.2225595
155.9286304,1642.055437,-378.2367374,50.40865502,-770.143754,-510.1002078,157.4735392,361.5159554,6.222667918,87.56429257,353.7764125,-167.1094435,294.1822188,-301.1209435,608.4625143,-1.538354557,-170.9246299,8.76609964,147.0241154,-268.9398057
288.4738935,738.5801394,-1243.21804,-228.1427834,-1486.23797,282.2375797,-72.17895461,-51.92074197,-341.7783604,-357.3301609,9.176722619,-427.12145,-327.708757,715.674903,265.0339418,-251.0445135,236.8053612,48.10518053,-98.1300562,-250.6209264
340.0843462,1483.852379,-445.8881164,378.6374743,-406.347365,-459.5315847,63.18452843,375.5359706,-327.7746147,-230.879063,240.4276316,-72.70328073,368.6657416,-63.70585263,581.6683441,-200.6078995,-435.4879621,49.30418969,82.07071498,-132.6980078
527.823353,887.6412191,-292.6218866,454.6652303,-272.0857246,-705.8011203,234.5361879,140.615112,-716.0866358,-83.30411541,405.3916145,-154.8120108,-101.7010098,44.18517679,135.3638901,-62.84734684,-95.18376545,202.6469689,108.475051,78.27822849
823.1484771,623.6839739,-311.8058135,346.3707235,-791.9144234,-618.769087,387.7357941,-26.62869408,-393.5475188,-166.9771213,238.9914916,-398.2820931,381.4017044,154.1319041,-101.6947825,242.9991623,-71.27665722,40.52875446,1.711296618,-42.00874445
-600.4632892,159.4826777,-690.5181669,-248.5377112,-1086.946849,-355.6347535,57.78861363,-0.997376118,-513.5475749,-98.51257797,23.61171658,-402.8070264,69.86396594,-561.7040716,736.7887912,-27.8025095,-277.7491978,-61.7743702,158.9324735,-174.9912088
86.70087724,1217.596394,121.8384934,903.7284719,-887.3710835,-282.8612077,-43.35746457,-107.9765645,74.89273728,-550.8269356,501.4887763,15.4977891,-44.61285555,122.4285569,471.8291365,106.6453084,-178.3307612,-41.61458623,-223.2981641,285.1658374
98.08150225,1347.547251,-315.3440786,431.9374269,-581.3165594,98.80422948,224.4746553,202.9158458,-286.2322517,6.219578358,121.7027163,-63.85189588,496.5515546,244.8457478,320.0171104,146.1867381,-34.27574759,320.8862646,-51.41418651,13.54798109
391.3691047,1415.138211,-569.4964071,404.6861403,-752.3913037,-370.4033313,99.23727228,497.1825933,-106.5271701,-186.42988,407.0997444,-159.0184241,348.0137071,-111.6023791,391.3435788,-73.8957437,-371.7257746,212.4491381,208.9581679,71.62155785
-241.2066892,1462.391243,142.1224341,427.4894239,-1055.468684,-96.85207999,-19.79447393,50.00814686,-89.05547704,-159.4189103,-165.6688774,-536.7106307,209.7475651,51.80649102,460.9975369,305.3709883,231.1079497,78.17698665,-37.80708472,-111.5285765
-129.6083466,2104.216989,-541.4986618,-13.48623032,-771.7349551,-266.2545891,26.71693644,-243.4536924,-568.5881351,-504.7746188,-28.35958481,241.2529149,539.3241282,80.27953457,0.478960801,57.01339666,-15.29355232,154.0779354,-74.15559185,-254.5486904
100.9176079,1682.823146,-474.1102492,-72.89795147,-767.6215063,-520.5122875,314.0788432,334.8257886,209.5677131,259.0600777,484.4376467,-200.8536829,227.3619561,-251.7368684,374.704501,-79.91234659,-226.6171488,37.19149104,-82.90707923,-176.2146694
964.0115897,833.0137494,-569.1398895,157.1249439,-1218.025196,-1078.540492,-88.42866366,-33.59073419,-533.6798775,-53.22270886,329.5011208,44.57023982,-92.78472589,157.6353175,257.4759339,-168.0604136,-132.5949929,493.1687267,-25.78499224,-178.8151319
796.523625,209.7719512,-708.2395534,722.0032487,-1265.055148,-828.8938146,-267.7533037,-448.6698536,-21.58848979,-255.4650241,115.2620548,-130.8223849,444.8153115,-44.3743041,28.31549809,61.22919946,-0.964812156,212.7588947,-162.8383872,-114.2094667
458.7315475,1013.036235,-825.8762327,199.7226757,-802.0101566,-507.9869019,-364.8602576,577.3200293,123.0376879,21.30875118,416.1501,-30.60561295,168.0429591,28.55432831,337.3701398,-89.69187508,-389.9886644,238.1295637,-170.3973062,-26.39642596
-1181.261616,1757.094017,-692.0536256,-94.59017981,-1372.698739,-371.5593827,8.722638594,-312.8550464,58.73934557,-547.4354502,218.7927403,419.7342762,450.7288938,207.3027574,7.062488433,-125.695541,-231.6297492,-122.3066995,-1.747889995,42.16156876
581.5533156,862.6500087,-456.0876529,343.6387915,-537.7939448,-591.073408,35.05785079,523.378487,-134.1494241,-144.005631,415.6733089,-59.15821489,186.5967937,53.66896503,211.5400835,67.4399957,-489.6265412,160.9651637,36.40224639,-72.31640993
155.8391544,1552.922799,-801.398309,369.040523,-277.0884079,-550.2868725,245.5962962,154.0437728,141.8183259,274.9693112,303.1557623,103.4062251,225.7510856,-455.1939478,66.14864729,43.93422237,-318.6460958,-71.82274974,-134.3723786,99.47729408
-748.7935768,403.687082,-505.2574409,261.3681966,-722.4989595,-138.3997306,-78.5974451,54.27307033,-443.7406542,74.34859479,591.64168,-41.28935528,574.692155,-245.7322057,168.683988,-406.4062739,-396.0569034,-0.106271362,-64.84671192,217.5706875
625.6503831,960.7969661,-874.3312708,-400.0448649,-1734.352426,-237.7385426,-73.02675563,-352.4822232,-206.0612691,-339.0603864,245.391264,291.1536337,58.61496862,-147.2551014,447.3666318,38.33682557,-19.96751662,-564.5087271,-450.1774025,-171.1347147
51.10524282,1036.16927,18.75638446,1022.638631,-983.5691455,-16.33031578,278.9005489,-133.2418881,69.76280777,-161.2462223,296.4935878,-0.029646619,-11.81344774,217.821707,516.2270791,-319.8559541,49.19424476,153.5941483,-126.1188962,349.8917141
848.1132412,610.0573022,-645.1120083,483.0929992,-957.6781072,-724.148072,-275.6045507,232.6891595,-104.4107369,-95.52055088,468.1112716,-13.40376902,263.6984969,-86.75637889,198.1391403,447.7641695,-119.511039,111.175888,-247.1108506,-9.121696576
-510.9147553,1066.128733,-207.7449713,864.7765061,-616.5078233,-75.24849004,-399.1987749,-39.38121042,-431.8989858,-103.1810924,213.5381459,11.27846967,179.1454461,383.6905082,165.2450287,275.4814882,115.4395374,248.9396497,-17.68214783,132.9913799
-146.9030754,1697.578774,-68.83608128,192.7523798,-671.4991213,-145.0620675,-69.11173745,-74.53423855,-521.6667233,-202.129358,-22.17838401,106.8123228,483.5677367,-24.70609183,174.6013592,-14.31621415,-84.29825806,349.416924,-256.161222,-160.3980332
620.4709274,412.2931506,-351.7288273,356.5750372,-973.159349,-669.5464606,-320.3602336,244.8498303,125.1556607,-197.3365836,496.4341325,-39.95498397,204.8168425,-69.86402755,272.9547003,142.6314234,-96.92565534,312.8809613,-215.6842115,-268.4165958
-236.7731404,1449.212566,-772.7270616,-352.3650567,-810.9723557,-557.4931504,281.5644657,311.7690479,188.9042995,466.6083347,234.6248551,-456.8008775,451.9691628,-98.34972793,191.4850843,287.4347681,97.99428881,-41.61450151,-75.62570017,-10.09877654
-509.983261,2146.521893,-379.5185633,644.7041204,-771.8308894,-715.3863358,-283.2743213,-254.9578667,-363.7362103,-274.2778701,132.0922374,181.552059,243.1252346,-59.95974554,127.6915632,54.22226892,-269.0403432,-10.8746994,-25.18768337,-8.320040781
270.177138,889.1518663,74.52539439,560.9120349,-313.4523483,-646.5466471,147.7248112,-211.4809729,-157.2780126,-69.01624545,243.5970065,-19.06963632,238.0210672,143.2483185,513.3854334,108.504107,-169.7318794,-148.2566906,-201.8158895,62.19010568
441.1970053,1942.879906,-623.760815,1015.234273,-1325.921608,-571.9140795,169.1634668,-473.4770128,-311.1913625,-443.4259558,107.0011447,108.8647988,413.0884684,-174.5850189,268.6201534,-47.24980835,-120.5427161,-74.19516928,30.78263046,-67.25272032
-1036.753466,859.9752304,-239.7718769,92.28124456,-874.8312982,-264.3282092,-268.1482537,77.1483713,-413.4351695,-353.9758015,398.7667877,96.49825069,235.3028691,92.25737562,-288.2902739,-35.06498167,-231.5488247,14.56103506,-403.0798901,-362.2802522
976.3777792,780.6314679,-922.0250467,100.2689935,-1187.011819,-703.9431431,-363.4848058,-300.6162702,-877.1808403,15.44028338,110.2184798,-116.9681006,234.3373018,50.2213418,360.8368381,173.4128203,23.79431287,206.0010434,-248.4925368,240.069826
632.6175908,460.1268385,-482.1005986,560.7703498,-670.4730946,-447.0972492,85.11002639,-98.10266558,-191.2328938,-595.6674941,82.5962138,-450.7519261,95.9666075,-202.8854523,-269.3346961,184.1346829,-213.5747725,179.861215,62.59486154,-36.93180852
-1144.737982,887.7249571,-370.7897099,792.395535,-1294.350287,-275.3122487,-310.5214711,147.5089738,-637.6956114,263.3226638,308.240443,-78.72575944,255.1478649,283.5689428,46.59688032,233.2907126,-289.9531879,-7.595533381,134.0930535,-146.8929389
253.8339629,1172.282594,-191.8500794,-431.7460037,-545.0560013,-257.7890457,192.2954841,-54.36512285,-526.1269419,311.9786019,-214.1311541,281.2839609,99.24483725,-158.4121002,3.690245682,133.7546737,-104.4033112,365.6613367,19.69186048,131.4075466
653.736674,489.899518,-153.9398752,359.1785276,-921.0238699,-607.8845596,448.0917286,-81.24805597,-124.0073402,-520.0217921,393.7351382,-269.0365946,286.558405,-8.136040342,-159.935601,56.07364962,-150.2467439,-98.63824447,-231.040764,-359.7891758
411.7119137,71.52165271,-439.4148799,306.1975735,-762.6028459,-300.7438836,-86.28147812,-314.8682628,38.86026489,-211.2531528,-4.518741864,-142.7699375,233.3851272,-86.80783893,-177.9324621,34.78838862,96.62974526,280.2796474,132.8964592,-134.0711152
984.3150436,926.5000464,-805.0646881,100.683279,-1312.792725,-815.2772771,-231.992788,-83.76511705,-786.5576734,202.6717754,177.9894768,159.4780894,210.0455054,211.7325532,340.6719321,85.9581995,33.46193858,233.0130187,-186.0578795,240.6810389
-980.0457448,982.928737,-310.7161685,627.7032065,-1454.944554,-552.2762646,-324.8488747,618.3000066,-208.3504647,-40.43355585,-57.57499548,112.8824531,336.3576967,174.4211031,23.02508047,-411.1631291,-189.8858004,57.60435624,81.07328136,-35.24411083
869.8574629,338.3251279,-736.4015722,520.7646828,-1451.391361,-957.8496253,-202.7160414,-433.8008299,-339.9161433,179.8739823,271.2244172,-44.32975003,538.4378661,145.6887501,287.0551661,-165.9859072,11.46636538,411.8350882,-128.7681893,160.7010321
820.7307724,1074.500495,-570.4713763,802.2977495,-843.826631,-1169.278326,228.3383214,-177.6491049,-349.4881881,-131.3803729,459.5414624,-167.178542,288.5048688,-180.9925387,282.5384022,-158.7075138,-265.5680286,127.3626458,91.01240226,-272.6919214
40.57879128,1844.704082,-170.1611471,374.8639377,-554.8092046,-876.1448659,12.99740929,-230.8877979,-555.5507029,260.1650867,254.6463225,183.5802079,173.3533626,-188.9378314,368.3908323,126.1330417,-185.3725715,13.12559221,-187.1968249,16.40295208
-961.9439155,1496.701183,-454.9181535,-399.9186279,-852.7569544,-479.4548777,-120.0785455,-503.7930269,-368.8039148,-296.8980548,-57.68975519,-144.9666747,496.9772334,244.5100621,-108.3831651,-30.20550419,-11.18896188,34.08761523,-100.4527016,-397.8662391
715.388429,1520.585059,-263.9509206,904.8440628,-735.2604084,-965.9959712,383.2869454,-105.4973376,-314.9125528,37.43452915,295.6460496,45.40846818,148.2647518,-3.320936843,296.6186669,-23.99765126,-208.4122537,-155.6574019,-72.79292057,-98.88545252
693.3498922,1673.58874,-827.3934062,378.0738819,-1473.518101,-441.2456702,5.649223096,290.0452829,-96.85854626,-534.287711,365.8358964,-87.06929739,367.7683771,-94.57000495,280.0042345,-12.59459897,-130.4849113,109.8804708,2.396573285,-174.7289375
17.48015893,985.8623141,149.5808586,751.7214385,-731.1116881,-68.65596097,223.7217787,-82.36061584,73.93129452,-66.62423078,130.185585,-153.8950975,-10.70260575,223.1818894,589.0431849,-293.0117019,121.5236586,119.0313393,-13.51567663,257.2848493
-993.8653322,224.1836188,-784.0455509,-70.05128021,-1404.406387,-57.90521713,398.2138587,-424.4241578,-268.5679082,43.46903651,721.9999078,-42.73811199,45.20264652,-21.93774086,237.1861124,-379.3039517,-154.4988085,-190.6829838,317.3947693,-14.41736053
-205.8370711,1343.430115,382.5394452,214.1526275,-1085.403996,-180.937458,-246.5546876,-185.2459915,-96.72593793,-613.6863687,305.2977693,155.7858806,96.8834313,-47.99926927,178.0382145,279.1613617,-250.1575603,83.30845331,-193.6848837,-215.1926117
-842.5866082,428.4964392,-653.8093591,617.1303486,-881.5651253,-268.0581125,248.7980817,215.6486624,-501.6261762,191.3517527,325.7790769,232.9102679,319.1123265,-310.7170065,173.0519811,-585.6965762,31.00967974,142.9777263,-283.8567211,117.9072264
786.4083843,867.568974,-505.9282711,-68.74341572,-809.0627562,-569.9022954,2.718359656,291.7395717,-388.1280252,-634.9706483,377.7572334,-21.5957108,160.6536793,-30.07803676,23.82115537,198.2672472,-359.3615441,193.2473792,-90.90640092,-128.2695032
-988.2162062,69.15979893,-993.739501,11.82262199,-1117.167716,-521.420844,959.2983622,60.57609676,-375.9978109,-265.5426207,-247.3317463,396.8401931,412.8396004,-305.3934511,547.5389304,53.37770259,-199.834079,460.3250935,-493.2152126,180.0506199
-791.5443653,388.9123176,-922.461331,282.1278871,-608.0570171,-126.0120383,202.8922882,-336.7632938,-255.5120814,-213.2431494,653.0645306,160.7217085,431.4979239,-126.6558754,216.2898048,-470.1504503,-546.1746912,-66.8963581,-98.60615439,519.0064424
-86.83277419,1906.562328,-160.9129894,-116.0655875,-620.1537113,-659.1520408,-138.8469407,-124.9284002,-462.2954432,-210.3247585,69.23150683,145.9654588,387.8822321,-23.4821193,4.015674644,-80.0429848,-204.8269181,314.9584081,-73.2345105,-202.3735744
-1141.000612,1005.368658,-340.599599,523.7334262,-908.0459173,-703.1972183,-546.220169,235.7678116,-720.7780115,40.29584172,74.14090149,-208.0462718,15.82806062,426.0851566,66.24904252,147.7619738,-142.5331708,-194.8046769,132.9814953,-270.1195241
112.0269364,1539.297162,28.54212565,703.9816609,-763.2790075,-169.0043596,158.8241036,306.9330358,-21.92757257,-69.48893817,180.9116865,8.035726779,265.7512465,-162.5211944,375.0959545,9.978627934,-80.78387391,168.1783532,-172.1714287,26.43641262
-143.920982,1321.13199,-280.656125,-525.7022041,-730.7761985,-381.6603365,-29.47971968,-392.2756939,-473.8631251,279.5124836,-98.93360321,222.5679001,186.6565932,-241.2030677,-17.9569914,87.34222136,-113.3483572,538.4780795,-224.6224985,69.90357957
-770.3186651,385.6524644,-222.786573,237.7251234,-869.4236454,-146.7176696,-89.63203991,34.08082599,-558.1146192,222.8953862,256.5501241,-64.60635615,189.1203321,-145.3021655,33.77037836,198.2364716,-316.1732719,-28.48864621,87.90910736,-77.41789479
-270.5952354,1632.958907,-474.5482819,375.1493844,-605.9947284,219.2284135,133.6886812,-210.3996668,-430.24957,-100.7554907,-85.29717368,65.22816779,638.4584194,-199.7124203,247.5704407,-76.15884005,-167.6731262,272.8450175,-215.6125411,-84.56675386
150.3377124,2087.924294,-776.6585611,507.6400122,-1062.534566,-562.4946351,-113.2272051,217.2604092,-265.9581266,-46.08824733,183.6410625,187.1541203,337.0833179,139.9660272,-118.6539953,46.16697856,-36.64762438,278.0647268,-183.947564,62.54318621
378.2476364,1958.753567,-1146.230616,-5.054741096,-1321.15804,-611.9502156,-303.6101718,243.9650727,-107.6833186,18.41726212,317.2081307,277.4632327,361.4336384,258.1455899,251.0045678,-29.95712657,189.6101984,71.59706657,3.195136164,85.89231864
-1085.09805,1213.001332,-783.2284614,329.0761804,-966.7375668,26.68496193,-340.4881423,87.40589935,-360.3517568,79.94562261,505.596524,-3.681185044,422.7027476,307.1184651,152.2257371,318.0942566,-363.7886906,-2.341970218,-95.33106334,-259.8177592
538.3821303,967.5337336,-60.23669106,17.93225109,-503.8032213,-455.5244832,293.5782668,197.1720055,-514.4653443,-123.160885,-6.810913463,134.7908689,63.41941284,127.688726,255.8754203,-26.87214557,-343.8448118,117.0639581,218.3519512,-154.786026
-765.8953005,840.1365256,-417.9158682,447.3646259,-489.9107314,-721.2142393,-541.969482,322.8688298,-597.3631708,-113.1447427,316.3643026,-79.29377291,20.88816121,-177.4116161,-97.56090295,-14.60759496,353.3261887,-90.08909507,151.0413711,-257.7930686
-39.38239854,1371.767974,-1126.167548,-414.8708331,-757.5207578,-188.2280825,-112.9654142,411.5809274,244.0073628,-71.2353001,477.119799,-348.5409005,64.09767192,-66.49584133,339.9353477,115.9793828,55.88030156,99.04571993,21.81946814,2.025273024
-584.9360342,753.5356759,-477.7699534,976.0666365,-749.8845224,-170.1709655,-189.9522941,46.41652446,-606.7522265,216.2004484,343.2607783,466.4009531,244.4419024,267.2315357,-231.8188822,12.44878904,-179.0164614,120.0193678,-14.60438065,-309.0328732
1067.574465,1146.442246,-1032.753175,338.5421995,-1257.455354,-806.1450539,-179.4044163,46.25608787,-280.5445875,75.6561305,317.1979709,225.8107054,486.0697981,-77.63121154,234.1124203,405.4016269,-129.3936653,-72.08779985,-133.2472482,95.48535934
-1376.204607,727.0277954,-1045.766987,236.5680374,-572.8063626,-782.6870462,358.6653457,-352.0739859,-146.1095368,-342.7086079,375.1303926,-6.637330126,271.4227981,662.5451859,600.9067441,386.2357866,-439.8622126,265.6939707,104.6283872,-159.3919893
760.1533435,317.3334241,-886.1001273,110.9229744,-1146.946861,-413.4849961,-462.4923418,-519.3728275,-423.3914986,6.172192077,-20.17093275,164.5312875,489.2782917,11.77623077,687.2981643,-89.41768752,74.93942903,-288.3917967,227.6475594,-23.63355131
-806.8311721,420.8101369,-705.2665404,-524.1278692,-1327.821886,-327.5427832,32.33493345,-128.2040312,-770.0090941,99.9139633,30.0109386,-298.611504,-240.7674002,-102.1164039,474.41017,371.4312115,-749.7999482,-446.1893364,-140.2949855,8.34071753
760.4368808,1073.321892,-136.5232502,271.7751773,-967.3271724,-916.3588814,524.5851744,59.8632179,-343.0459466,261.8030834,355.9621698,27.29117297,-17.63318953,329.1811449,98.84777411,-45.0926695,11.98734948,207.787118,-267.5085773,261.0212482
749.8922094,320.1783281,-655.0177735,236.5817529,-1127.792647,-492.7265423,-435.6984478,-359.4123609,-476.2587834,-336.9238041,-53.06082864,-146.4273564,544.7997799,-25.15657403,409.5322293,251.655156,-100.9320136,106.7860623,-213.8432803,-215.8095238
-74.49366371,1347.797947,83.68165731,-185.4330672,-877.3744139,-601.8462074,-8.506960174,-54.09316439,-8.423603326,515.3682964,-14.34943769,173.2000301,-60.68876005,-282.6290385,-65.73059627,246.8608685,-96.44171922,453.4185314,-241.7490427,-86.30834333
-299.5069844,380.9484491,-157.2451848,113.8148879,-512.1425451,-224.5776305,114.4879154,196.8552405,-260.1655666,-351.5326112,-155.7025302,313.6637883,108.9572371,-270.3379646,-42.68478767,-299.8988991,-65.58216368,165.2682536,-348.0059714,-227.3013757
-913.0175239,1882.001805,-1255.652624,772.5268139,-1489.047184,-278.1923839,424.4032492,-837.0943072,-203.8126143,-57.45279789,496.0058507,263.5935695,196.0404334,-52.00681245,197.4628921,36.0086145,-57.99734356,-182.176739,115.1285447,-34.11501324
-1011.490278,1059.790717,-338.4473712,861.2457924,-1402.957722,-243.3334474,-396.5814786,176.4485778,-160.5523677,-439.1517259,563.1311257,-144.5005954,293.0103604,-198.6354243,-181.8370301,-4.733527011,-34.49220682,114.3688867,32.29419074,18.70933856
-339.0897195,797.6940608,-527.3617538,760.7670994,-870.0643844,-45.42874512,-416.6672372,-488.0227887,-418.2847193,219.6785719,551.2058707,159.6271327,161.3220944,-383.0303163,235.8945844,83.85928655,-151.7444263,181.6046395,-59.01946133,179.072166
249.6481309,1266.527714,388.2294857,280.7829832,-913.9570008,-480.172764,179.9313173,0.786593027,9.212991555,-195.810247,104.1666874,134.9594174,-198.4875258,-22.30413029,353.4612344,119.7091052,-283.1143433,231.7537331,-206.4586293,-143.0458891
-707.6010068,1714.232245,-770.3256474,-102.595067,-667.9895478,-682.5685264,129.6227425,-108.4284608,496.791889,253.9928668,423.2947135,-378.988878,444.3888511,123.7391178,143.6279735,1.825024729,17.10374749,219.6574354,-10.68312958,-81.16691287
415.9978745,1341.405864,-580.2106158,114.5477527,-696.2885007,323.3878863,282.2670167,-209.600633,-601.793914,-554.197496,31.11041894,-36.12778744,276.0306219,-195.3789579,213.496859,-112.1251962,56.17447814,103.152072,174.236888,179.7984758
117.3134507,1562.555822,-52.75998065,707.4504681,-477.8722652,-346.2689226,-11.04259198,121.2348651,84.69463546,-92.90354724,164.8168215,147.1597161,335.1331132,-315.5720578,335.2425134,208.8460287,18.54759244,-113.125931,-226.5492016,-12.14484457
757.2160615,879.0290413,-385.225454,129.3933223,-857.4059753,-153.0111686,243.538218,149.2250646,-508.0087384,-595.02787,158.7267949,-43.43586694,154.6309667,42.41326168,-88.43410706,298.5569933,-90.84103705,60.41811361,26.81747099,146.702299
-644.5518109,181.8390484,-1097.776249,148.5395528,-353.3966122,-28.12888918,342.958879,-658.0395167,-203.2622893,-12.5320652,466.8546932,150.7358432,-312.8928436,-127.6385712,199.8310368,139.9503062,-318.866915,95.59812888,-95.81749358,-175.4954012
-156.4451168,1629.013966,-408.2238074,-204.5296646,-1786.037544,-46.94693249,168.1072693,27.89521955,46.28734137,-217.8340879,-65.36623463,-240.0654634,292.1663254,-5.636779299,-256.7420129,7.638645769,127.4791986,447.8160303,-126.202094,-0.78698209
822.0620318,731.8212933,-476.1422729,-260.1587306,-1295.063668,-258.3374854,-211.512324,194.6835601,-239.1679408,-697.0754298,101.5686881,403.1524153,-8.287496092,64.82088077,395.5522047,29.04297453,-179.9729679,-26.22495048,21.18541464,-154.0363536
-1347.684007,807.284845,-529.5329657,890.9190473,-1511.426201,-797.2100731,-16.62372626,546.0000849,-763.7971634,287.3125188,-231.0632667,228.3475769,-38.85846296,90.32282055,142.4772278,203.0648913,-143.5974578,-202.211598,134.4366032,-246.3580385
-1146.189416,1518.958961,-567.5034708,511.8030535,-1906.220394,-1053.568604,-23.35153416,357.0613106,-74.16838061,-287.7193894,-115.6506226,-294.0546222,179.3108785,-3.23903634,110.5822953,64.6479316,-277.2937304,-80.41596892,96.04765044,272.9892932
-1395.153937,1592.112528,-655.5466411,109.6433517,-1048.838765,-1011.557075,-191.6325349,-155.8792322,6.68746853,-160.8952762,183.720582,-75.22008384,457.069496,302.4525273,218.255184,-41.70113295,-230.9968349,-15.23098342,-5.171667227,-48.38686516
-1123.88449,801.9204459,-904.3721279,310.3955763,-588.3601929,-483.2627879,-277.4212321,100.6232878,-663.1151994,-245.0659357,350.2184468,33.04205405,573.5975853,-32.1860979,-87.94554293,-146.5439219,-243.1886858,-72.18314939,-168.0050595,-290.4373498
617.7067629,414.1941368,-301.4481035,103.1849087,-576.400413,-519.491197,174.8771203,198.846432,-98.67808731,-127.7256326,201.329972,104.003635,368.9970498,180.6530504,-163.1653829,290.4196875,-54.88740583,-98.67863884,158.9379048,-26.84459296
884.3778982,935.6608016,-512.6382545,-321.1016282,-1153.27035,-468.7933165,55.53250854,117.8183118,-683.0615401,0.667907705,191.462169,554.0041917,234.574073,230.1049179,270.0813146,170.8126144,260.6408416,-52.0691863,117.0967636,330.4605229
-1248.900588,476.528053,-1346.883468,410.2890629,-1027.967806,-229.5400014,655.1545047,-113.1991787,-346.1992695,-252.3235667,588.3050129,630.7336972,246.6915392,249.3664944,232.7533371,-699.0724809,-383.3842255,132.4979782,-168.1851937,1.934550749
-378.0400267,1416.995606,-591.7221888,692.396548,-738.0426637,-26.21438775,-348.2052551,-206.3802827,-358.322927,23.64014622,137.6567289,301.067417,482.5931415,305.81,345.2428446,506.8740124,-364.0960112,78.90728711,-135.7170181,-98.90068518
244.985945,1739.856,212.6777037,343.7410396,-1107.171983,-713.6654558,155.663683,174.4079626,11.50271001,-122.5915784,255.3809516,-19.79032381,-31.81877916,80.0681558,566.5258434,42.61585974,-288.3822295,68.48824692,91.73582405,-79.99280532
-1571.87319,895.7767709,-1345.88898,530.9088858,-592.3766906,-1202.443719,82.80211432,125.4625387,-432.7397713,-338.1506154,408.3743348,410.7287237,-3.708251597,-214.4196406,172.3557095,257.4700253,223.968225,170.8357046,-45.20932236,-215.8036463
631.6106353,289.3603707,-530.0573098,493.6310983,-478.9577434,-857.9678732,-103.0964817,-110.9355486,-56.96333311,19.69013697,177.284604,-42.7214962,-63.15285327,86.55276414,-133.5422402,42.33860163,-125.9358366,1.733919736,9.707150149,-36.64818715
-236.212329,1482.396824,353.7672145,670.2807583,-1345.471425,-90.50596166,153.3081179,-90.52286297,65.95837132,64.12119801,-188.6984548,-39.60963843,-41.8329218,536.1398116,257.871167,25.07166608,-62.89618869,246.4195079,-126.5782552,57.37129384
-718.5780776,1336.558362,-423.079746,795.4200479,-1585.272155,-88.10649271,-404.2396525,-228.1993869,-582.286433,-329.9778749,247.0173086,-391.6232488,-94.95357724,-131.1035947,205.9945265,-26.08815103,49.76881652,328.8311,-94.23281524,111.7091079
471.7189801,1617.688052,149.1938259,346.6593798,-1279.563848,-506.5465667,353.6210994,-59.73663577,-222.5199394,-603.0034283,135.2808681,62.70209974,145.2016613,-118.3432093,382.0703174,174.4901736,-306.8814647,-34.59023544,-248.21844,-218.916717
-397.1366655,1474.040428,11.75856281,307.6181223,-526.4239663,-548.5149356,-304.9875473,65.25929596,198.224492,208.8063371,294.3195563,-19.88880166,334.7478932,-283.9974844,285.1161474,-39.57106722,-157.0893092,150.0435202,-68.96832965,-309.4234836
-1201.121382,329.4634387,-1293.713781,961.4012788,-887.8972695,-521.9478954,737.3917163,19.11202736,-159.2019348,-200.7019144,430.7423577,382.3088585,179.5212241,-73.53014947,571.6840847,503.2081784,-140.4763817,594.4779102,65.94799027,43.26624896
-641.0235297,991.7622341,-248.7596265,1222.843072,-1106.910821,102.4299261,-241.201883,-23.01474631,-401.5928746,22.38782907,646.998411,196.7286157,-0.340620867,221.0618052,-25.46858735,153.8327815,-25.62832236,127.1787464,-7.149059963,115.6800148
734.3896588,1541.205434,-688.6129178,629.4608741,-588.9877526,-951.4400995,183.3549,2.931990183,-481.4231707,38.14946174,431.3021063,-54.33921329,157.2124865,-312.4264608,330.8942262,26.33283331,-166.7187584,219.0209653,269.1902741,-37.5066769
-669.4057912,1902.171513,-881.8291699,112.2384407,-466.5924801,-962.0162204,453.1177844,-349.6183405,35.98340093,22.43486999,220.9627456,359.664623,-382.8426511,21.80917127,322.0001661,345.1995716,427.000183,-236.5231793,-119.6632852,-110.8476913
734.9046096,781.6736611,-587.1695365,-32.41584225,-700.1661134,-417.9188009,-139.1796523,163.0571326,-601.1812351,-212.9497101,183.3839271,-22.3068725,394.7155548,79.47154796,38.66453746,465.4278209,-72.87025468,39.59532409,-257.4183652,113.271568
-1461.291038,387.3580387,-1233.831999,408.0312438,-984.7356403,-846.4249557,651.4085554,294.1577411,-428.5967564,-184.8596464,-75.77171863,149.9680165,400.2729151,-104.2578535,598.2665352,254.660284,-268.9120323,487.8354344,-137.935198,-128.1004239
-1089.075176,1308.339779,-584.7800318,637.9507972,-883.8495439,-1211.784277,-520.5260793,-92.01782959,92.89776131,-137.0916277,493.2388868,118.1057786,144.671021,-271.677236,63.1412897,184.1785266,-14.21877959,-167.9117181,343.3540908,155.426108
936.8726226,1103.196776,-540.1716795,-45.04836088,-963.1112979,-652.5783564,267.5466909,46.33276059,-536.5423186,-278.883119,289.2792308,365.4952293,393.6821113,-1.603178409,81.98874326,304.7326918,12.92925463,-125.4053128,92.66817598,101.232975
-492.623142,1027.827172,93.33617137,223.9985302,-477.1894546,-431.3631912,-585.6453364,9.624820776,-234.6729146,-193.2965401,163.9343221,-150.2748306,157.9455021,407.8740723,346.1971467,21.66496341,-69.29334901,153.1111606,91.35154367,-104.9626692
658.2722142,1108.203686,-893.6045133,-319.2781817,-1372.165957,-157.9075156,-199.6106304,384.7630922,35.85882632,-592.0566271,196.0005652,-116.6733952,95.51054283,272.9335024,413.1244182,-93.54040887,-118.9015399,82.52073042,317.9802991,-55.73697539
-1434.041695,774.4049874,-993.1518249,153.2416801,-853.3308007,-1114.486327,68.70816504,125.9577563,-571.7324983,-448.8607146,21.29960571,-55.03967976,403.7055514,369.6590547,377.7823389,69.7807181,-202.8997169,149.6307241,-12.53215036,-75.54207134
-1503.114202,840.5597923,-1116.198526,-95.14397308,-716.784099,-957.8735754,213.6294551,-188.317592,-98.9805074,-772.1865586,580.339016,-125.1799124,21.77036732,82.81340001,482.5358622,369.6875303,-89.39813874,145.5829342,-33.97521151,302.8320864
796.3268745,1016.852868,-293.2918559,483.5050168,-771.8891232,-768.4286139,399.4363142,248.1177062,-264.0101943,-348.769241,399.4933954,-138.7984157,114.5246375,202.4591764,-4.35262249,104.7959571,-291.1564051,-39.90421932,-219.3795112,-101.4948684
714.2636215,1215.224298,-372.9894144,290.6563309,-1002.239851,-111.4812397,457.9694312,-59.88423299,-371.5988733,-605.8240962,160.2795779,-191.7180448,290.9050215,-203.7958128,25.7286177,367.9928631,-14.56370212,188.1014105,58.98011213,189.5886505
-253.7200983,1345.227297,345.4839786,194.7655243,-940.5141163,-187.3006169,-209.1895245,-243.8873183,-275.9234293,-185.3542675,-222.6534197,-99.57247885,-420.2757618,-41.85218942,273.8155789,24.09391366,-334.3387595,417.6327826,-93.40027059,-69.43921167
563.4670205,1339.91356,-67.45770638,847.4294622,-634.4256982,-748.5622693,389.7739451,-228.3610459,-59.16818057,-262.2586257,342.0388297,-15.41549266,248.293144,-247.614977,363.0848703,298.9198365,-160.1284153,-112.1380845,-92.41229742,-74.58822212
-1282.790276,1014.094466,-885.6971049,-263.7363351,-636.7323102,-571.7043636,-77.02448487,-469.1457119,-84.70021238,-426.8139347,577.3900293,-237.2956847,-80.52418757,-115.5273719,235.03255,463.620992,-241.8915658,-172.4080231,-79.0356399,145.2598487
-96.01236501,1909.856064,-720.3260727,-285.1834666,-1180.047247,-255.0262848,121.8626015,272.18456,139.8635136,-71.10002196,285.4988806,-181.5323177,482.4193497,2.758068994,260.252987,186.2189848,182.7588898,20.02355062,311.1856042,-114.2251871
868.5216927,725.8586719,-275.0199412,459.2162721,-1228.764499,-990.5106878,398.6706263,-211.4957617,-454.9164995,133.9078258,273.2879786,-255.2380251,97.25372275,159.8378718,181.0365499,-226.4775071,-44.18679069,196.0568592,-140.8025815,-55.62441366
-978.4371362,1379.424399,-284.0849703,-11.39018949,-961.3142086,-818.9203667,-173.5951082,48.74383949,242.5028569,280.6929593,-144.1836722,-579.2785064,462.9159906,-13.14739977,160.3289329,285.1347011,-240.3010752,-129.7673233,-122.9495841,-24.19056476
-734.3239816,967.3957892,-65.34384047,-360.679407,-556.0706334,-507.6398752,-463.5467908,-171.3913033,98.37643769,-171.8412133,95.37980193,-190.4897239,138.1463151,-78.50821325,108.525147,-6.393582258,-312.286979,-0.490296586,-116.7181201,-87.33922612
859.7726126,871.11417,-368.3437596,-114.1876316,-993.8036699,-520.5662799,154.0160149,152.0574132,-686.3131688,14.58409816,137.6543495,375.4787274,39.24152079,303.8419276,163.8044052,184.0617701,220.7035797,35.2831549,107.8631689,337.5545441
124.2867115,1407.001414,26.88495204,543.8599586,-404.1175665,-799.7786361,127.9043772,-535.7773371,-175.9991506,-124.955362,448.5134808,171.5644759,-110.1634946,155.4383152,414.8125419,-186.1774742,41.5921242,98.67450426,100.7344657,140.6494555
-1142.09224,1417.330619,-446.8820099,-86.03330054,-795.2948028,-752.6600774,-15.57394064,-466.7372864,-270.2832641,-154.9762322,-309.7187768,-371.3790359,454.4579203,405.6799099,-199.7519778,-105.9952632,-255.4433016,185.7073055,-123.4102653,-220.518436
-1008.021825,1617.15579,-493.8164599,784.1976396,-1653.098377,-903.544398,-87.89552711,-388.645257,-91.50162541,-593.3625932,52.73306214,-33.90129433,-27.85667871,-299.5097998,54.85442736,-249.1352526,-291.8059113,127.7321272,-81.74674893,189.4517362
-1336.173521,729.886621,-922.1488903,359.4374633,-896.4545109,-1411.788734,139.2188729,698.915808,-519.8043365,-231.5859629,-419.5241945,-63.86707072,223.6770631,-163.7036658,430.4621703,-108.7656392,278.2652847,16.44590855,-289.1724551,42.13650616
219.6684311,1780.491412,-421.0380789,-247.4456456,-1260.332828,-388.3444433,9.695540501,61.4778275,-26.57085051,-119.5548449,394.2431473,714.4880503,437.6658671,-78.98638888,40.84806577,114.4377406,-4.924617723,60.34573664,222.5949145,-30.07548869
-663.7579655,1525.83187,100.0817281,313.5832002,-778.4292634,-334.7471925,-603.3287607,49.12733603,-54.14201422,-356.9963117,130.8595988,-332.9747779,109.584951,170.4132411,448.4267116,286.87791,-137.7308531,71.58267232,-2.2649273,-54.9399278
621.2298343,290.852589,-948.7417444,365.8881391,-936.8403988,-500.9084843,-531.000059,-437.3962458,-8.23640721,77.54036414,-177.9913767,109.6856119,388.8487385,-25.1731082,618.538596,-59.60537152,-317.4555975,-64.20930522,42.09707143,-269.2233794
-693.8489931,289.8578002,-749.9477248,356.1401012,-272.4742234,-344.7907959,164.4886606,73.58251482,-382.8811284,-212.960171,274.7315219,117.1684335,104.0079466,-329.4683345,37.84385792,96.90442477,-115.9942814,161.7391006,-183.771925,-236.7625339
290.1356774,768.6207041,-1084.814279,-208.4171411,-1008.00227,339.0759067,209.7525027,-95.2055194,-627.8239072,-59.36747824,506.159008,-130.3243124,-401.6340428,351.2696709,315.5566087,-188.6252743,160.7420765,-178.7033854,-150.3460297,-340.3435309
-1250.484566,498.9498424,-817.7650077,195.1025612,-1106.823687,-238.3113431,100.3935044,-168.6993564,-569.8188293,120.4277634,502.9712297,-58.13862818,476.2370587,-270.6949156,144.4586926,285.4286428,-510.3559686,44.85733373,166.5672858,53.36356029
632.9103196,1515.756151,-512.1148407,31.37057475,-1357.2726,-499.5544256,82.54370539,347.5418465,-211.2467218,-15.88909267,414.1908399,349.0519427,414.8873823,-109.7935135,50.56030025,396.8756164,-105.6768734,-24.30892856,-268.1481496,43.92943029
-560.5726746,1326.572922,-480.5053518,-291.2444699,-701.9693739,-659.0499659,-501.8831295,-295.3545932,-238.0799921,-242.8401483,353.1728063,-38.9984943,501.3564419,50.20145848,35.29152551,-281.8032678,-423.3366374,20.24185022,90.16457452,-153.0335115
-41.29290443,279.5386998,-494.6351021,167.9569644,-209.210214,-390.1723148,145.5961812,-242.6551241,-89.12183839,84.21106016,331.8853582,123.2125857,85.39944701,-68.96741323,254.9904898,250.867252,61.37430051,23.84226446,-187.3373899,42.37011112
-663.6906175,433.9954352,-445.957809,354.1116408,-389.2531834,-993.1198759,-7.990070259,449.1126527,-345.1261406,-399.406333,-224.8496231,50.31360682,-153.0910126,-426.4987639,136.406636,-125.9836486,576.7695023,-313.2807418,-303.6377263,409.5692129
-1045.645061,824.3601606,-936.8660835,404.9488589,-308.6287738,-878.770446,-297.0368419,-76.36522425,-292.8488965,-581.0169938,412.0424166,0.774606072,141.3433421,-148.5453093,-223.6277853,37.11563287,13.67040653,-152.3814771,-113.2949723,70.07233667
54.12038309,1045.644729,162.3834904,564.3372087,-1120.658899,-331.4207455,67.97630049,-577.5325386,-240.2271827,243.7668856,-291.4286921,155.3824189,184.3162728,-112.5100227,527.6985578,49.66852714,-181.8986281,173.1914299,-83.15522897,-114.4485233
-14.63043405,1413.67121,-1601.963266,277.8352622,-759.2498328,163.1088316,374.4972944,-45.04909442,-218.3653083,-84.71943732,163.4450924,280.3456723,69.04326071,264.3763699,-122.7395722,-170.4768749,-236.9818704,-64.02249226,-313.885598,128.0660761
-230.475173,1002.63886,160.5267838,249.3072551,-460.5668125,-316.4347557,-328.2878578,-68.71849185,-194.3904393,-179.567387,-214.0005158,-283.2621926,58.44710341,404.6959415,478.6171371,95.42813439,-93.34966933,143.8816823,-47.1521117,-3.665990358
561.1852817,363.4852291,-941.7479951,234.5427926,-660.1185897,-269.0755175,-455.1823708,-213.2376143,117.109748,-500.8452342,78.56675999,-13.57892574,-31.78705468,-258.2384224,196.3293917,97.60588787,-435.2796766,256.3807974,-72.25631445,-127.6489651
-973.951326,740.4933725,-657.2009542,1140.822921,-1186.064157,-116.2329171,-53.45302038,269.0056495,-533.3346764,200.1595963,579.6136351,246.6480075,242.5224738,-219.792843,-126.298825,149.4455915,-51.27663541,40.95516698,-10.90012099,-280.6738575
63.47767604,1391.529677,140.0283875,-95.0775046,-983.4566219,1.577623514,69.80839891,19.97399263,-191.2635728,-442.0861226,-77.71784591,72.84796202,63.96724884,-279.5718502,97.49760194,83.23046808,-177.8013806,488.0233345,-89.47129072,-199.0643041
-1201.882171,801.0488201,-386.4140042,373.857035,-1478.753607,-199.74576,-202.137757,-305.3705264,-504.1825648,-150.3683743,314.1720979,-714.1030084,105.8334917,-11.93861164,112.9597133,329.7856289,-99.07075646,-91.7777176,12.11365992,-82.88964457
664.9054142,420.5081506,-247.3365516,310.8247287,-712.2804909,-616.9702941,414.3599488,-119.6299992,-144.9628081,-125.7957435,259.6998005,-307.3493742,510.6273592,101.3720312,-136.4911969,108.2394899,-112.8002622,-97.86020565,29.62634852,-215.7617725
843.2769421,967.6212358,-839.6924834,-333.4648194,-1136.188874,-351.7433225,-183.5810692,-68.21783206,-734.7664254,119.2856929,58.31018133,379.9427442,473.6306386,134.9434862,284.7547231,267.8249945,201.6032294,-168.2135007,82.6733735,326.1913299
82.11088553,1827.549649,-370.1190718,234.5477237,-1117.159846,-376.0670856,69.25795932,395.9598839,-432.5524761,-243.6979969,42.95427091,-152.398375,-124.5759535,-266.2053281,-29.07026352,-104.4261585,-234.7640171,321.4941437,-267.4609146,-41.66368137
-1348.635296,618.2591569,-1378.13794,1085.719844,-966.6214101,-754.6162165,554.1588092,347.5553641,-149.2312674,-373.000026,129.4794225,340.5211183,350.2738142,-123.7610218,425.6093404,194.4392075,217.179541,419.0959046,-59.33601392,-114.3998138
291.9795981,92.6369966,-466.5122717,549.9831404,-1007.701137,-423.274528,-263.1904376,-566.8630488,-2.681104491,354.0544795,0.824785236,157.7844244,753.1601497,-241.046899,479.4234987,-181.5854031,107.9850335,246.9052929,197.1863576,101.3227828
-85.18576059,1428.836199,183.1737627,568.7313876,-1621.957141,-987.8401928,1.993954841,-311.9989311,-249.7040595,-88.11104694,399.7043954,336.6776571,-162.3942947,98.44713443,-113.4625551,-37.61658641,-452.6416745,138.4316425,-175.5757108,132.1441208
923.7966805,468.4231415,-774.5212634,276.9128644,-1360.725298,-952.3425259,-377.8808931,-280.432761,-433.3993424,-14.69724176,348.2631139,83.24447994,385.2538787,3.983427118,427.3320203,-3.367797911,140.9571911,229.4031494,-185.3037696,0.700771815
-841.7025516,1458.029537,-162.7512593,527.7263298,-1243.839863,-260.5083357,-442.3721505,-441.5441964,-410.0444991,-251.4782471,85.82908551,-534.4703089,-250.4428204,-187.3461563,240.5209324,-231.3418749,3.452509456,266.5017229,38.27114304,-18.60532255
451.8279719,136.4638718,-453.086739,102.4409132,-977.2222015,-460.858788,-146.7052544,-511.6795033,48.99338853,-324.9464318,275.7412543,195.8633233,628.5021071,-275.6957321,359.4366446,48.27162511,172.174587,-113.6320055,-20.75989305,-204.9168261
804.6871001,685.9881699,-764.7547622,315.9571467,-764.8841236,-695.8722362,-109.1891896,26.00026569,-315.5870189,-326.5971955,24.92627497,235.3834937,436.932925,284.4818431,92.95902431,19.57321832,-327.0612889,-126.9313826,199.3768536,92.99893653
695.8218788,150.7475401,-515.5208025,541.955181,-1018.897718,-658.6549451,-132.9908557,-333.1043483,-43.92728068,-95.26220967,88.9480092,-268.9369594,364.6242858,102.0683683,-10.70174731,62.16747161,-85.56738849,250.3628834,-65.39622901,-227.9393341
-1032.051434,613.3509916,-829.7265536,423.908779,-560.8462103,-570.0431017,-54.96835417,167.663565,-687.5187771,-413.6534643,280.8938641,186.0730805,215.8855047,-373.2595161,-122.6212161,-187.8777838,-226.618636,-48.35531869,-406.7960635,-138.1241529
-103.5357562,1794.792911,77.82732528,59.95349414,-1040.021339,-944.0268123,-255.4899399,-102.2984084,-608.1151101,-83.99293206,271.6482143,392.9957681,-101.4382611,137.922126,101.5124129,1.023776619,-349.3615092,225.8542967,-39.04631028,-42.99928626
-741.4361658,425.0560957,-268.034377,271.6522167,-1198.709651,-546.3225257,53.66218747,646.1230067,-52.47750556,-84.02681531,-341.1622742,-298.3431167,388.4196521,-303.8091395,174.4564575,74.45036134,30.81294672,-241.9637105,-179.3326644,-87.19394944
330.9012188,1046.485254,312.7581151,232.1372286,-695.1751602,-586.9914009,423.0285378,-223.4124998,159.0043301,49.91804464,78.59072152,392.0281785,44.52295562,145.7156144,317.2863082,148.0754335,-130.8368628,-142.8227269,-55.37155802,-68.46854888
-800.7527044,1045.665351,-75.17329662,140.8359262,-753.1266394,-608.7746533,-718.0044132,226.1324216,-328.2052818,-340.0272077,541.0942151,-44.33809292,-167.961475,-228.9301193,-108.7447422,-34.0067897,-164.119382,-48.22191863,6.044539371,-47.61982301
-1174.323818,155.2004874,-935.1951474,473.1278719,-1126.781032,-378.7744357,734.5854479,-81.54094539,-78.41196684,-16.91365672,809.2989184,49.35698307,216.3235482,-193.0622804,470.2727217,111.2732469,-236.2101725,372.9711365,54.28318849,196.9513136
733.6166372,233.528609,-599.9667589,323.9641829,-1201.797657,-569.1026148,-421.3951595,-505.5189745,-527.5991779,-200.3062617,-106.3957482,-33.42257568,584.1167386,61.83958949,438.1481484,4.447865027,-99.81511063,200.9644675,-64.52490188,-195.265091
-1202.764381,494.0790161,-802.6822782,643.4230751,-958.9064152,-776.9791467,276.5195442,536.7996697,-428.4043188,83.76446321,-635.345155,7.843378247,176.7398278,7.798591344,215.7592196,-28.9560306,135.8435107,16.16131761,-72.71766055,-203.1975653
-351.1229247,1655.234929,-330.6350707,537.8254914,-404.2954293,-127.6515762,-187.3567362,-152.2213322,-133.6279239,-43.7820335,67.17567543,15.18832737,542.1817663,-218.9750827,296.7762434,5.127238866,-186.5483557,188.3033622,-327.0038089,8.892693853
-745.1955585,1720.940451,-768.8372863,-27.90893561,-1873.081103,-434.3089076,606.8670557,-347.8134846,33.59217374,-418.1881624,-501.2502055,-657.1124847,-42.02148663,-21.58408961,137.6307107,298.0666507,-189.9480516,108.3413649,-115.6996565,215.5793535
-56.82541106,1415.852184,-244.6243185,575.4285538,-270.0773788,-535.9438377,-332.6103467,-11.80082709,-482.5358889,-364.1609766,211.8411496,-59.20940203,194.595338,324.6479417,606.196124,23.69675799,131.4420069,14.0025721,2.26473891,91.2131669
-917.4819369,1420.241747,-1035.448068,-630.4423584,-1007.106602,-1069.991791,21.50845768,-360.1753317,-70.64996176,-286.8161309,-112.731787,-82.41557587,526.7567571,475.100092,-110.5376348,-130.545475,-0.332323657,326.07541,181.4612336,133.7980905
922.5066594,1318.502853,-404.5257837,659.8266086,-789.830081,-1057.774626,400.5582189,-39.11850399,-373.1451985,108.4763079,253.4828428,112.5117217,210.6507768,240.151994,-1.838764274,85.34022215,-185.2187783,-17.29742614,-67.94140203,100.146013
-225.170562,1484.064146,-386.3497857,666.047234,-834.8876272,144.2255691,49.1557608,-595.7266075,-297.0062726,-4.265734969,268.603171,-143.7110025,274.7374473,-516.9418312,398.6445301,-66.54693519,201.3739013,152.4290995,-268.3772788,222.8231707
1001.439974,438.177088,-593.0452703,213.4334815,-1394.739644,-626.8982459,-260.978138,-212.2403077,-518.7671048,116.562637,98.12572912,29.88305345,398.5270997,220.9140474,442.0552486,78.9919247,59.71305955,38.24879001,77.80854814,175.1066192
-922.6550591,577.8061813,-1004.087517,-134.3584116,-620.9007779,-230.1035975,618.9951197,127.8902405,-84.13874638,-881.575573,57.31842066,487.9722205,-121.9954951,183.3426528,436.3045763,-417.8653787,162.0584676,440.0223226,-392.7127695,-276.6529987
-1128.32743,270.6758316,-1142.457893,341.6943965,-538.541317,-566.1572878,591.1086973,-58.23552725,-471.3478449,-381.3493645,480.9650641,283.1410487,171.3026335,362.3246761,590.1213925,358.5577914,-389.7263777,557.8103134,-49.27527071,-282.1179351
-411.6317676,1178.767075,-398.0919358,708.7171107,-671.3622045,-126.2034174,-330.9516595,-88.47212075,-860.4441188,-273.0085707,396.6753823,214.1989786,163.6045232,211.8988064,199.1794987,479.072462,-53.80904631,137.7118617,-276.7125064,-200.1071855
-715.4338073,1288.320045,-954.4684468,-500.6204187,-753.1637253,-1171.979527,233.0304755,-317.1900691,-18.74162074,-624.5208715,169.7096061,12.41845311,334.9381738,416.5296731,-17.86642935,-132.2844924,-9.83193738,750.868343,-48.94508266,296.5564184
761.2058596,865.6923272,-295.7310588,664.6503598,-1006.425671,-605.1445772,558.1468538,-480.6336495,-526.1068804,-363.3607401,33.82235267,-370.1011097,402.0679857,-131.5204269,23.69686202,52.6958729,-56.63717987,-20.40792776,111.7928265,-192.8066755
771.6327539,290.0472385,-445.2207018,396.0803076,-943.8725283,-879.5787164,81.76437621,-130.9789084,-210.9669089,168.2958049,339.0418979,-273.9912797,369.5505045,236.859605,-49.67973776,46.89463177,-2.619460592,148.7334148,-116.538065,-27.16144216
-439.3609407,956.6227298,416.5801798,-58.09603385,-858.9188382,-681.8866998,-339.9715626,-134.6162326,-297.9910382,20.6872425,134.2349552,107.1082321,-254.5606002,163.5365093,36.47658322,78.37788225,-400.402916,163.6807756,45.97624953,-171.5020747
-1122.816852,1800.970521,-575.2590289,391.9510936,-1160.217887,-1077.331303,-408.7518206,-115.2107683,-196.6545378,-246.9868845,340.4506269,326.3032966,305.6698461,1.030329066,97.16806485,19.24236448,-241.2309683,-17.16280682,-53.65325918,212.4340914
-1057.982798,794.1487205,-485.1496328,262.0416868,-960.739781,-992.2872266,-68.3405688,669.5217667,-37.53435565,-367.3866889,-431.580453,-55.11219209,322.6599921,-53.13068455,532.9574414,-270.0177036,-322.6635196,178.4135262,-222.9421813,242.2656923
607.1719524,1423.27258,-344.4475842,-442.8867184,-812.2464276,-406.3932757,261.2536808,90.40209267,-630.6854323,-337.9635696,183.0993161,52.01206071,3.116200834,-16.61602951,387.3563141,-62.28338986,-144.6070393,258.6990017,428.2627704,-165.6566217
-448.3380316,242.0560687,-586.0209076,380.6753908,-127.6246172,-393.2491859,378.8771711,-25.66504889,-112.3925834,-185.1789279,83.359446,443.1252416,-332.0827128,-223.8760195,281.6496911,403.9684262,83.43655404,389.5362288,134.9123688,-269.3522361
-332.7013112,1421.503637,-220.8500445,862.1205433,-520.812522,-641.2844653,-570.9833291,-198.5128253,-264.1843501,-193.4161201,481.3507031,147.8052049,127.1551285,412.244772,228.3591942,174.1194938,-32.55931784,-107.1536691,-77.38173112,215.4898185
-239.9787317,1165.485165,-68.63180339,965.5423306,-752.7761834,-203.3665431,-295.3565627,-22.15955085,238.6652496,-256.224488,219.750607,196.004233,398.6255906,-135.0874897,132.5630393,264.030622,-160.4610997,74.922422,-262.0849715,110.7906881
827.9213179,594.7798392,-374.566454,85.82573487,-1298.036864,-332.05924,65.23315205,223.5530611,-92.68580761,-733.8944619,241.4857387,294.5851796,4.91274257,33.49165208,25.69740846,171.1050177,-3.230822929,58.53250069,178.9134248,-37.93043043
662.7435605,1163.85721,-881.549486,-467.796903,-1334.234851,21.50891314,79.98823175,117.8154097,-156.5651973,-532.0857609,198.8756929,176.5956634,-212.6431803,117.424406,144.6523442,-156.1448646,-207.0757727,-94.03457452,-263.7938297,-35.51609812
215.3481784,599.2292518,71.63175397,288.9718349,-258.2718065,-495.0478577,212.408681,-183.2905618,-221.1734976,-157.8612025,315.7745934,-169.8383098,12.04248785,59.25343089,382.4628358,-181.3491342,57.91835955,-17.81021238,-102.5549667,-83.15873387
286.8922439,1442.352627,84.82722332,895.2982401,-1067.158356,-298.3034507,229.6190819,-260.3456696,-15.50661137,-599.1326868,111.6243624,102.4356219,312.7977182,-23.77779629,222.9466051,377.2234451,-107.958596,-135.3194112,-226.3917552,183.7767072
-788.1644938,1157.979034,-827.890916,-850.025146,-831.1320735,-1037.700534,320.1482041,-495.2185625,-18.58675712,-328.628726,-124.9661347,21.14422832,257.3686869,403.1415738,-74.242855,-34.04766381,147.0036118,267.85303,248.6072786,252.9776238
686.3600402,804.512512,-644.9034638,-208.0114528,-1084.674875,-43.60845399,-3.901711779,184.7968226,-293.1106328,-659.3330436,197.303298,210.1856174,186.4910032,75.09657761,198.9269835,89.14160543,-249.5967918,-229.8627029,-260.4640662,17.7030076
578.3951487,1765.744491,-601.7102081,322.237746,-483.2602749,-770.743854,89.0734387,-127.2255432,-696.7761409,-225.0664458,222.0866957,108.9757671,309.7518022,-202.5157962,221.2835861,99.40495777,-155.2443334,122.4532103,137.4810172,88.73605495
-442.3228516,1665.583827,79.04304324,211.2800231,-854.677552,-555.6401626,-479.0807976,87.8477898,-14.89512041,-179.6891045,-35.79972445,-129.5300738,137.2448752,41.90672034,576.4227468,306.3969264,-186.4380776,-115.2537548,-60.75424392,-81.61062463
325.2871556,1072.414446,-719.0657865,-443.8325406,-1063.110746,-34.8073632,-361.2283099,276.8077042,-90.34330643,-311.3906945,-34.83033783,284.8425863,-343.6975871,-332.5668997,306.9152651,29.0282147,-158.9403421,9.474205268,-17.56825707,-134.102486
-539.0880136,1577.709116,-364.4306381,1016.434172,-1200.048916,-3.899259088,-389.5370193,-180.6210441,-131.0260378,-351.2136957,314.6954975,33.9676235,279.8202572,-6.301269601,206.981336,302.9786833,-19.23527669,101.783946,-179.6017663,128.5659682
926.9651814,552.1665976,-490.6742332,578.7811771,-1001.637801,-903.6345173,318.983596,-74.61515633,-129.6217289,-43.90157195,334.801125,-315.640043,333.4549179,102.5669086,-192.4197229,162.7785053,-97.63191288,38.46729385,-135.2236689,-72.33625434
-819.5934497,250.0012963,-613.8764454,226.7989412,-795.2044079,-462.9046622,438.0040941,533.4897965,93.91519253,-31.07551875,-513.4403558,-151.9126708,329.6471865,37.2985383,372.4825381,-32.30871019,-155.2825417,-1.198449185,-457.7643852,199.2240274
651.8016788,538.4052157,-245.3755246,140.8119726,-752.4653474,-756.7160626,470.751599,59.65876152,-114.7402126,179.2934678,388.0188025,33.2954649,70.99813823,273.5040024,-121.919897,-148.9637165,-13.09328174,-20.41991838,-269.5941374,64.21652401
-1070.708376,-116.3887216,-720.8162915,348.8586712,-1363.802914,-427.8742529,930.7376006,57.25473759,3.037172738,117.2602299,96.25529432,-81.40267219,44.63780877,-236.8112102,674.4220831,315.7205363,-264.4611696,172.1129654,-40.53547808,219.4924364
-497.2591499,902.2173659,-123.7610767,705.8117275,-716.4049886,-238.2083537,-470.334965,320.5576225,-81.67576919,-119.924849,553.0915391,-33.46860191,256.5908255,393.1880059,95.82329152,142.9902939,-65.6968348,9.137926754,-58.56696877,-27.00652879
-787.2186206,1084.168966,-1008.911183,592.8259546,-418.0883325,-1000.900472,366.508209,-115.130471,423.5512947,-199.873906,-42.99490519,598.1386538,80.10452301,14.01266829,65.78728562,359.0596262,471.3509891,-5.040684264,176.7938454,-91.18277584
-168.7112347,1909.795877,85.92003658,491.6815395,-1355.371734,-64.71385837,101.6648418,-152.4076581,-279.1739969,-573.9450721,202.1244184,56.6465127,48.3618603,-59.87845168,60.63825273,35.45355192,-91.34880748,166.2401213,-272.4658781,-38.5739848
63.37608003,1375.494633,-1043.903277,245.1002635,-477.9676451,421.580297,347.7294391,-497.8885484,-457.3976999,-73.2602868,61.15482508,-191.9648157,-160.8288209,-117.9662602,61.98137584,-227.6659422,120.7104889,-67.9134345,-132.2829193,3.079930378
-683.1780613,855.4168051,139.8276211,389.9158128,-1054.137789,-523.7052017,-392.1610833,253.4430329,-298.4022641,-90.18657733,318.4433549,344.4995788,-424.5351112,46.95635515,25.33785243,-268.7717877,-476.3163248,-15.15047558,125.9881848,268.8068221
-76.45654013,1828.485438,-622.4743214,-438.2910966,-1058.546593,-391.8580306,130.4938025,29.65180708,307.1120196,-73.75618799,502.2747677,196.8250036,491.0545993,-162.0373023,-28.37559576,-36.14370166,-49.58721609,120.908379,-23.52026382,-107.6926584
829.0698806,1225.557345,-284.9944468,633.4278122,-1257.756218,-455.455909,411.248035,-41.97733459,-392.8826859,-375.739808,436.1261315,-216.4748323,-141.5920456,-86.18206581,33.66418571,-96.59269163,-95.91056661,23.45458746,-246.6713083,15.52320011
-1282.991541,297.9513762,-431.8934631,345.214012,-1604.279318,-442.9359937,295.3636419,287.1627346,-469.6333321,-41.14759647,-136.5001881,-386.8526358,92.10585824,-374.0856546,267.6061831,537.2168976,-132.4464519,-183.8257045,-94.99579517,-8.272101321
-750.8438823,951.6736317,-552.4847835,1021.492011,-1109.817016,-892.2361973,-189.8604003,396.4058828,-195.6103511,-291.9618019,29.96803584,476.1231638,5.341227444,-391.3615084,-97.71968216,-591.4695595,262.0526145,67.40502816,282.4407301,-131.7968913
-273.1463634,1914.572654,-49.72271075,151.8410043,-804.3455631,-619.3792211,-151.1459575,2.853871299,150.5320963,174.8417316,324.0277771,125.2969271,413.2098699,-309.8076574,380.3964406,49.74284201,-152.4547286,87.57276697,72.9333802,-305.3058087
-897.2905615,1011.251644,-770.4900361,-78.88574699,-869.5960609,-15.46165544,-317.3955973,175.3081278,-643.9257063,-407.0243849,472.2393972,267.3674682,104.0741781,-358.8595283,97.3931237,107.0481337,-48.1107131,-63.76582793,91.31303435,-304.6598847
687.5854191,70.13460157,-593.0102237,193.0174553,-1008.099822,-760.2200596,-354.7441434,-547.0735065,-188.6590656,-14.2390438,190.1300678,106.8769798,611.0107731,42.91074535,299.5740897,26.52143926,287.6112053,89.18784423,-28.41960534,-61.04422022
691.0457603,536.7790948,-142.5614227,241.7635114,-762.451455,-616.3884907,488.6104288,-17.83533085,-286.3011003,83.54351016,292.6581159,-214.5971225,278.7565158,221.9875313,-1.383188875,-13.46422635,12.41261878,-119.567564,45.73944846,-59.10606085
229.5955554,1665.75661,-122.1815553,1138.323361,-985.9258927,-316.7693517,305.3095176,59.19801865,31.29289504,-312.8666488,259.7640466,-140.7993098,221.2328814,225.9800215,515.1118971,-160.9859276,8.371849331,81.52459881,53.0973684,57.44739306
537.3894149,714.2015423,-612.1278546,510.8920935,-676.0932279,-207.4327197,324.4603971,-130.6426442,-366.9166429,-156.0051201,-225.6949999,-17.17460987,273.9714284,-137.7990521,-50.83397509,-39.36128152,-296.1269988,74.1204077,595.3910166,157.1852009
1084.340799,601.9132195,-691.0087614,318.3367721,-1157.518607,-871.6625116,10.64596961,-136.0691839,-529.1644463,25.66860267,321.7184439,-219.3576852,475.7648053,224.9483465,132.583795,169.9795001,73.15185813,187.288016,45.00581952,102.2491227
-1431.413719,843.0930704,-965.8261293,460.6526754,-1118.229509,-367.4083968,277.8740789,-272.7589386,176.008977,100.0599973,663.4539043,8.724485246,234.5573185,519.9169309,262.4010602,480.0829447,-404.0168047,66.69908719,2.21216904,-127.5462192
878.2820385,1139.391119,-127.2557289,340.3849108,-1208.592605,-866.2734144,530.4080064,207.1194812,-190.674245,-152.5626268,455.070097,-7.209784485,180.6717427,133.2049901,157.9859564,78.28943071,-159.2502455,105.4132881,-243.2496241,-158.5696734
833.3760168,269.4614852,-411.5351355,192.6593079,-1128.337846,-873.5034566,25.27593484,-38.80676778,25.79753156,-6.888135731,403.4979169,-16.17266058,373.5444044,312.9789704,-40.27518465,52.32759964,16.2780283,36.83858731,-325.5844574,-138.8155602
292.9126056,1023.230278,-218.7169897,937.6822251,-315.492793,-615.914418,112.4216713,-121.8216267,-257.9319603,-310.8180254,-197.4926498,65.48832752,254.0738942,140.9568164,258.7987139,118.5285114,-262.1909699,-104.8593941,-17.78940848,-0.125569092
-96.84026069,1091.622494,-384.2011852,137.900655,-742.7753427,437.6455471,307.6340656,-285.7258327,-94.60498058,210.5722875,328.7503415,158.6888073,297.7597584,-314.1573433,527.6442298,-270.2079834,60.97951852,-147.3955131,-186.5467791,202.6515573
568.8243309,1556.578518,-770.1094926,-72.20452965,-1370.825363,-972.5061135,-333.043474,272.1271505,-406.9201914,228.9865736,351.3083232,430.655629,95.9145457,-62.17470872,307.5110468,4.00919086,-133.3342682,175.1439293,-279.4634294,8.465290675
99.41695641,1946.90667,75.38470149,430.1604,-983.7050299,-611.7393658,80.05008467,52.37151655,-171.8398738,-81.73677464,216.8334433,445.9386856,337.5931878,17.74079937,314.7250656,127.1984789,-329.7806987,48.36053847,-174.1208523,-105.452515
-658.7201331,250.2599286,-203.7992344,362.6774069,-1232.971971,-304.9014344,148.9013648,98.76370182,-487.0104958,236.794578,459.0090346,-272.2782815,29.37052835,-407.8034472,332.7440737,-79.10327904,225.5971558,58.41705834,58.94054868,-422.8823815
94.51495575,1227.879891,-292.6173557,716.5907693,-566.9099933,-99.42420309,169.428516,40.22465399,-490.5718058,167.9548394,-306.9903687,316.8734432,143.496615,-65.64119249,-149.8453862,34.43905249,-164.4021466,190.3634877,-122.9851439,168.6226228
595.7276346,620.053547,-662.5282567,0.467374994,-1076.358323,-350.9403026,-375.7575843,20.14184863,187.8298551,-379.9070246,225.933145,215.0081299,297.2117954,30.43715636,713.156202,-290.9484795,-50.26314788,-261.7102284,127.4972496,-421.5005933
472.2162262,1364.60785,-624.7242421,139.6976344,-230.9960092,-461.9921043,155.682526,-16.93360058,-652.8071022,-577.1850898,185.9740133,-222.7439312,202.356047,-300.5961849,233.3632161,-30.94826148,-108.0069605,20.27416623,28.19604642,157.8412946
-324.3004076,1608.090514,259.3336458,13.35299787,-1323.028922,-553.0688381,-203.8101393,99.33078303,251.4836216,160.4955416,-145.1872474,-109.034152,54.64702659,-79.52123568,116.5264944,195.8001529,-96.05447752,238.0191892,-10.16210653,-115.1717021
