1,2,3,4,5,6,7,8,9,10
-81.44638072,1783.428492,-998.2769718,606.1560975,-596.3950237,58.21408717,260.2872131,-287.8520807,86.48919906,230.7265258
389.8245417,870.2349673,-93.06257905,-112.2593977,-605.2309202,79.92424869,309.6777302,273.8198803,-280.9339144,-435.5663727
-33.74851419,1333.859802,49.4040024,175.6569269,-247.2304124,-336.1576817,-165.6479713,-61.69357196,-321.603595,-241.0518805
669.8336772,1575.418648,-171.1579022,605.7542856,-1330.47242,-1026.19765,326.0253782,52.37009805,-212.9341754,-139.721088
178.0373243,1772.474445,-484.6738514,543.5142581,-577.2567547,-312.5714496,8.329058405,-27.497798,-704.3996628,-409.9229033
886.8364402,1368.27747,-528.6621579,104.3240765,-1490.674007,-381.0826392,101.3629413,340.7007087,-129.8819727,-512.0121712
587.649895,1323.99713,-1171.067195,401.8476681,-936.7237054,90.41141108,-11.72079834,139.9450698,-345.6656209,-682.0151739
344.4685701,1202.36835,-943.7686077,881.9326206,-846.9147996,64.95630401,336.1830037,71.85453882,-389.2294082,-91.61057221
-70.96580803,1450.296954,-1159.66951,421.0908659,-601.7593361,375.068951,471.6560393,-99.06479043,-514.7961753,195.6776781
-164.2860477,1902.57787,-812.8932458,286.6472581,-800.988047,-282.9647947,-94.20859942,283.0675064,16.4223682,135.9657203
311.3337064,1609.516259,-997.8511839,450.0073123,-972.4938463,326.7301816,359.6248095,30.59365156,-445.2960127,-124.0827765
3.552733551,1645.949074,-29.272695,-207.7556578,-1207.659428,-322.4876533,20.88555624,-107.9673896,-65.36140745,-435.4956315
224.903158,1661.507636,79.61446151,-189.5022782,-1192.566155,-692.7834706,17.35876101,179.5365559,-169.2733549,380.3727377
921.4828874,1005.385511,-1069.258022,564.5430367,-1582.333007,-177.9997501,1.532251737,-113.1826534,-130.1035183,-237.2282006
499.9769718,1648.025828,-436.5735371,1063.225687,-731.6167934,-585.9988257,370.4918387,-118.7413277,-296.2963233,-235.8781651
216.1888784,1902.453049,-856.2684762,173.8318038,-207.3098387,-396.2510059,-0.768046099,14.28657416,-400.6450092,-240.8596616
459.6770742,1542.309638,-1230.923708,556.7327215,-755.555329,-168.3693493,17.09963715,258.0679964,-527.8632263,-150.2462262
526.4119475,1701.068741,-784.5528258,865.268458,-1174.487468,-88.76210382,234.1260624,259.13474,-148.4593919,-285.3656923
-612.5239333,949.2676542,221.5973902,663.4369299,-1261.199922,-263.9964224,-327.3549096,32.77446652,86.72882514,50.27999818
251.4543274,1262.76127,-288.4951527,1130.976945,-469.7329219,-709.5254484,168.6032604,-299.665036,-19.20376195,-343.3740665
-466.744741,1335.727338,115.1707108,629.2444419,-1292.136146,138.5268911,152.6501983,-259.8078836,-287.4659564,167.5296268
-811.255135,2058.706303,-914.4395976,391.0679296,-804.2816,-269.132903,147.7246673,-378.217184,-266.8448353,85.09655827
-467.9694767,1640.119783,-119.9189168,228.8006966,-726.6780391,-449.0719864,-160.7181683,67.16754455,110.2405618,204.0269632
-1362.680032,1022.720208,-862.9106873,151.4370789,-452.9038529,-1023.443503,-134.0028521,-465.5093359,-125.8717236,-441.2791333
541.5752199,9.681550802,-570.2492121,298.451675,-1024.127146,-458.8608092,-316.319144,-594.106327,13.92873008,-98.75264096
33.51399894,1930.573297,-1055.862007,211.2274935,-261.9435415,-502.131154,67.41795473,-135.9560996,-500.2541774,-217.5551482
717.0160106,302.4534431,-616.2409907,-64.76492676,-1150.14444,-621.3179196,-298.2778551,-135.2436755,49.91813989,-248.3323013
129.0049034,2121.048776,-511.2086401,539.2019428,-1875.570855,-1018.23408,129.3880936,-322.4838908,-278.9203638,-134.8467226
-860.5365955,1739.20359,-848.3448316,838.4152275,-915.1004717,-179.0130775,56.03763865,-564.9362045,-23.50594929,211.9993891
822.7197297,1332.544187,-1267.284838,490.474705,-687.6806585,-658.9100977,-60.96838251,16.8119802,-265.4571872,-325.1928428
-241.2298418,1987.066391,-841.1027332,86.75757254,-236.7894092,-467.2982273,55.32709884,-346.4132557,-182.9182592,-147.7965305
-1015.19632,1659.132353,-727.8731149,91.57073073,-238.4825004,-890.1088106,-241.8383932,-699.8804722,22.21199872,-304.6725983
184.4375779,1825.378756,-624.2408631,576.3315328,-242.9869019,-662.4993537,-47.43254093,-135.7480346,-541.2076348,-215.6152277
-489.9383319,2050.83996,-821.6208022,-5.908497181,-288.4565581,-613.2466362,-38.651576,-572.8235372,-266.5182815,-157.5442474
450.6861195,623.7277402,-345.9429909,617.0390874,-180.1608854,-705.6981617,307.8954516,-75.4824078,66.15447132,-18.97954502
-28.90966192,1966.95761,-964.7161859,-25.42068594,-332.6488791,-388.5519048,39.22666451,-157.3901198,-511.9266482,-114.289904
614.4786048,1318.519782,-591.4671447,584.3167323,-319.5537653,-772.2589273,-48.58536577,260.9976553,-645.2060679,-342.8791364
219.4051705,2019.667111,-1052.904159,482.2204037,-416.6486381,-548.9573553,6.488469503,83.44445861,-518.8903608,-20.6755778
573.8728059,1150.749366,-191.3729953,-367.2692415,-849.5042178,-299.9383797,225.3846488,330.5254219,-205.9182436,-135.3546217
-101.3137557,2007.9995,-605.5026238,574.7822436,-440.3055371,-263.1909848,0.339126262,6.502068192,-502.317312,-120.4621646
-14.25352542,1896.426272,-1086.479234,432.7358339,-378.2990896,-532.3507506,127.6100483,-48.51892168,-335.474863,-29.33086223
107.8480618,1640.868184,-1409.263803,209.0337756,-694.8841159,-345.4176334,230.8669878,323.979103,-128.2097595,194.1779217
-819.3284977,418.4128899,-262.66652,518.2091952,-1635.579547,-431.1735746,-51.99295894,75.63912469,-604.7791928,609.4423886
-910.020359,565.7199312,-694.2585368,-718.716942,-1330.732428,-199.0916691,-31.44797374,-99.85448029,-712.7151757,208.6379992
399.7096892,1079.4423,-145.5960579,384.1040259,-598.2871948,-545.9932632,285.8031847,417.6939803,179.0183638,-149.295214
-960.1722518,572.0209239,-766.3144316,602.8814543,-488.917953,-770.9318114,367.0977092,-243.5944969,-187.0403584,-208.6077322
-642.4917434,909.2942968,-75.57485758,756.119731,-1253.479867,134.6469868,-344.9353537,73.00045708,-489.2722248,-409.4434665
-277.6097411,1211.701833,-287.1551439,443.3382232,-178.3322964,-339.5073494,-495.8442923,-176.4794362,-238.6477605,-211.8085243
495.6092432,1149.000278,-728.867445,813.5121852,-722.381337,-303.0633417,206.1188651,213.2870946,-187.5843765,-42.80287892
209.5271302,1503.717163,-1482.886393,751.5561147,-972.3973689,-205.672197,316.4225246,-101.6112317,-117.1756401,101.4435385
458.0241221,1283.28906,-3.955327077,83.27804514,-822.5999074,-358.7125814,162.8976735,-13.63696255,-591.3513352,399.5068895
-620.6693077,715.9388346,-260.3023521,718.4803142,-631.996348,-307.9451745,-412.0171917,394.8459535,-275.6849303,-114.0667271
670.8373931,751.9348829,-1491.898019,849.7124992,-1247.158988,-11.78180489,-103.2639935,-212.0107739,40.28273524,-207.0125802
83.96222871,1731.516695,-999.1593203,200.2506358,-567.4798176,-866.6744824,141.289682,-126.0930141,-456.5126662,179.5977683
500.6104151,1004.875362,-1512.673079,443.0370647,-805.2181657,207.3588947,40.1003251,-100.4130905,-259.648256,10.46019302
624.1459276,1083.816679,-1584.078849,753.6798636,-1103.096736,-435.280093,-209.4136962,-36.71050439,-41.11178684,-6.399847739
469.5853762,409.7242666,115.0432528,276.6526432,-868.3708149,-404.4530189,508.0843398,-151.0389213,60.71845657,-355.1542548
693.0552124,1075.410679,-1594.710287,700.2219571,-873.721632,-432.1601747,-409.1391616,39.21036338,39.266689,-176.1618409
-1006.009583,804.9816035,-471.0369078,245.0967046,-924.6876594,-1085.64059,345.648276,144.9589829,276.6267899,-124.9324701
491.0131879,841.8918746,203.8860522,233.2518995,-853.9969993,-251.2162761,481.3687144,-75.33838494,-64.24496228,-595.7851179
429.1754461,891.2784162,-1729.61515,715.5486928,-1486.817137,-121.3963886,-75.85083378,-478.2344656,-2.55579494,62.24424935
931.7045838,1355.300607,-719.2224253,179.8218253,-1465.478095,-540.9131598,-68.72791364,316.8244568,-147.2928804,-307.8711135
-208.0507548,2082.735027,-1458.850453,-62.68824159,-443.0688998,-656.209,302.6551338,-198.0554655,-162.9423801,-4.367450899
-374.8436129,2051.327665,-1500.891168,215.3718827,-356.8615498,-506.9117272,449.3328592,-279.6538757,-65.80351258,57.77500511
369.3903414,1743.102647,-1712.621914,53.79662637,-547.2616638,-704.7754413,-111.1739545,29.06430153,-182.3399129,114.9794021
406.9277966,1563.332533,-1677.784671,239.397479,-467.8698966,-591.125532,-191.5096217,147.0696217,-158.2429217,45.67694618
451.4653509,1198.209009,-1838.632038,366.0363609,-1002.81463,-334.125638,-387.8623063,-87.19300988,-359.4998385,-65.84121309
121.5373286,1564.182864,-1715.348561,630.5904297,-658.1642364,-141.6402383,332.4178082,53.64453747,-87.10061494,288.7180825
98.71672703,1299.912918,-1821.99209,422.4032243,-726.2580594,-552.6559697,-43.88482911,5.913913654,-295.336751,67.57096362
-456.7278103,983.406555,-161.0140765,670.9835394,-337.4562807,-504.9171284,-665.9941312,-18.84243036,-300.2349699,-179.0061746
-299.2918058,158.8119859,-501.8660426,269.2327974,40.4207016,-262.9184316,225.697993,-113.6696578,-93.41846225,-152.2786426
557.2368578,1384.044398,-1419.470576,237.5245811,-628.0277033,-665.586403,-374.3467532,200.2050946,-68.81028413,52.49317851
754.3361864,1086.811207,-1094.861382,167.8604349,-1245.335688,-877.9007517,-469.7016106,174.7969124,-153.3569762,-14.04185416
-108.963636,1777.120753,-217.3982623,521.9695472,-807.6253948,-306.6372256,-97.83400217,-404.3258336,-477.4270503,-533.2335786
-206.8454662,1796.774541,184.5266616,971.7392016,-1266.664953,-585.2052376,-45.27387867,-85.00379103,81.63011873,-274.4882823
532.9151722,1753.998804,-374.2479093,152.4030881,-666.3419472,-557.6565627,144.5125264,175.612935,-550.8372628,-348.3954742
523.5633156,1278.033051,-1794.924081,705.0736912,-1011.217501,-227.7907761,-227.9862736,25.71790374,-146.9614337,-42.57126233
491.2447587,1848.966297,-1293.618244,21.95182995,-727.254776,-687.2696544,-111.9766511,90.56403835,-243.1389303,125.9077845
-109.8111888,1401.555327,-65.27603168,-603.3907432,-1271.955526,-381.1158807,-11.64886775,-293.9714146,180.7226783,268.5077708
997.9465245,925.2067804,-703.3847128,671.4616992,-737.1215831,-1122.962792,158.6545282,-205.2833516,-264.8836226,-95.78010379
349.8650356,1683.860914,-1149.316713,941.6889667,-688.2708323,-196.1513743,341.5210075,-121.7752049,-294.032175,23.62918943
290.9425627,512.6261875,-408.5913636,657.9910946,-588.3645031,-352.4771916,283.3624849,-385.9454677,277.901627,-216.5114784
404.4631413,1374.037222,-1488.879981,434.6190349,-417.5075354,-312.2998187,-67.44420314,202.8984018,-348.2226322,55.20526531
-713.4964081,845.8964061,-483.9579127,-859.1376398,-785.0601189,-804.9761679,212.3839159,-498.9779393,116.5472977,-375.6934851
450.3857264,381.5883264,-186.4914415,410.6487731,-513.9457064,-609.9501062,366.4865151,-65.74016518,97.70536806,68.51055079
317.5868057,303.4238069,-853.1335656,578.5401208,-570.423979,-453.5680233,-472.0773936,-371.0582208,166.9566889,-110.3144631
-1054.051653,1759.984176,-863.7166129,958.7176121,-1183.980751,-1006.317537,342.7104616,-427.9217709,178.3731018,-317.5120489
612.3172689,658.9767394,-1094.663813,483.0501325,-534.1533575,-588.0905023,-256.3715533,99.26466071,95.45891939,-23.41441696
276.8019068,1613.875542,-86.92773545,4.711101688,-1322.359342,-399.3333837,107.5660607,-376.1046767,-566.1114585,-554.4842055
722.7161001,877.121011,-1390.10588,598.6934784,-710.8036112,-592.776372,-449.3869951,7.987319027,103.9867771,-182.4378691
525.1626542,604.0051022,-1299.44281,498.0634695,-571.9350267,-450.8605318,-601.1075645,-258.2352424,108.4125223,-144.1091881
-1509.282582,1147.828749,-1086.061221,571.8720177,-959.1718615,-799.1949089,-135.4173895,19.10450933,-360.3470458,-662.7779024
558.8563139,1164.046036,222.2405071,286.5977539,-816.9048186,-751.9209465,621.3551706,-65.96513804,-256.3735818,30.55763763
531.5492101,547.3643142,-1215.315709,660.4470593,-834.788498,-564.4984063,-663.9019615,-352.4131305,256.4047432,-181.5396266
886.0182814,1119.421381,-235.1478152,145.9627734,-1243.813115,-596.1857383,417.9802234,146.8360408,-483.8104197,-202.6771961
611.9792945,812.4816834,-1247.021654,692.3463787,-1031.517484,-455.876326,-514.4967858,25.17437307,378.3448302,-544.1486172
793.6826192,145.2029575,-444.6116136,471.6027896,-1235.65373,-832.6002705,-121.1171746,-391.0497461,-149.9428867,-62.2662006
248.9383319,1335.152888,-1299.028556,391.5685263,-1163.02954,296.6490618,302.6761046,442.7519228,-47.22230105,-149.1722048
421.0014493,1718.479213,-527.2396885,796.5825248,-817.6553656,-556.5907394,73.97780924,-339.750976,-335.008194,-740.3446037
767.9457172,642.0107847,-395.3420921,600.2171419,-883.9987767,-808.0553427,580.8900996,-114.6650277,-109.7047947,59.98226195
493.9327572,465.6819106,-821.9028373,813.0506446,-811.1180159,-285.3275881,-42.5344115,-54.75470887,30.86834165,-268.9042567
385.2039804,374.4561952,-632.5004401,200.1960112,-886.4435564,-383.4002924,-301.6398479,-71.20664983,532.0573021,-183.7102868
906.4517231,1232.978029,-398.0874887,767.8452502,-1661.981998,-758.8194521,262.4806602,-107.1578001,-372.1254618,-194.1997726
437.8586351,860.2900607,-1303.990401,681.4049372,-862.6960529,191.203479,-36.11750252,-30.29434648,-142.1936527,-401.664656
496.2847319,1588.977901,-373.1120302,-347.0508529,-862.630513,-241.701561,193.2324739,160.4269277,-229.5188655,-288.8097265
448.8781415,768.1506575,-1165.252491,668.5285972,-784.9568529,-133.9197144,-302.3783816,178.4995059,234.9988937,-234.4253445
617.349855,511.8678253,-685.8333186,-172.9235013,-419.5907943,-241.7837329,43.91070026,12.41857638,-453.9827655,-7.843616419
157.5268852,1562.764331,-953.3951028,-634.8994935,-1118.34977,-328.6798679,-60.23842547,290.0367842,175.8648268,51.9922001
-235.9109876,2225.376019,-919.4469324,567.9485595,-667.4114812,-654.4080754,-146.525012,-380.2759983,-448.8177112,-317.9122423
-690.7961137,242.4097822,-560.3121592,453.9898335,-248.1614872,-274.6423432,310.5732124,-98.61518253,-2.850720452,-145.5778823
297.910272,1319.690463,-900.3686509,-170.2764518,-640.1468611,7.38906159,-100.5099848,308.982655,-67.92031746,87.07385708
308.1406891,1498.940302,-59.0899327,623.1726173,-630.3468373,-490.2697296,224.5935382,-67.69053993,-428.1042939,-505.0739641
-330.5691492,1426.655913,-120.6661334,115.8922497,-537.8364358,-82.60200697,-122.3694088,37.61099464,198.6121825,110.2463708
825.5067606,526.3681333,-522.1655534,206.6137961,-924.8139832,-477.8464937,118.9778093,166.0154559,-127.5862424,-526.2246437
498.1513114,331.0282785,-383.779513,695.4372918,-656.2243602,-667.1505126,216.2848712,-22.3301463,17.93669748,94.73511726
392.6815183,1707.374282,-128.9753552,212.514316,-1243.965171,-842.3891288,-20.19559538,-400.8623616,-750.5142214,-118.8827638
-828.3719918,1457.707851,-489.946484,179.1446504,-1883.529083,-382.0849796,628.3045646,-633.9341495,-450.8722185,463.6119873
-476.8687138,2027.475643,-1370.61247,619.010486,-2072.756518,-936.0698828,427.996258,-728.1417486,-332.2204891,-432.1564378
-206.7818737,2290.389235,-1288.873466,81.49310886,-878.8467462,-819.9954293,196.3091894,-118.6072235,-128.9865978,-23.54203285
287.6222064,2022.341679,-1163.199377,204.5376649,-814.0385348,-1024.615842,18.40163654,-63.80108017,-383.1367533,-168.6471187
647.8359629,1602.44971,-1286.299007,829.7621339,-1423.849722,-770.3442028,-82.88384173,-189.8754161,-120.7080873,-213.5813782
332.4774505,1505.567036,345.5380055,384.9169526,-973.695171,-801.2811566,265.5335296,-54.69970947,68.58946005,140.7383208
390.2309114,1685.249887,-1313.121564,498.9872597,-1285.442405,-339.9462991,-192.9678327,545.1428684,93.30488206,-172.3783842
334.8779741,1884.983954,-1732.094313,550.6046839,-1078.504371,-496.4745591,12.24247935,112.555857,79.8902297,25.69217185
845.6391221,1581.409755,-950.0916562,578.6161701,-1200.696363,-927.2616653,74.83412875,-173.6332016,-359.8600587,-152.6511759
717.5718178,834.3943102,23.47737036,396.9363692,-1141.779983,-780.5129007,725.5943819,-107.7054745,-90.61862818,-245.1728235
822.3372482,1171.591235,-1265.689473,405.2543639,-997.3213037,-702.1710156,-447.8410043,134.0997201,7.029686553,-83.79418472
-1330.747253,585.4413149,-749.0846147,161.8720521,-772.9020294,-1244.476383,77.86646896,462.376931,-388.0266819,-440.1304663
866.4732772,1509.693383,-1035.83645,577.7872543,-1457.920023,-682.7864555,204.8403175,-352.4170897,-409.8802569,-389.6725505
425.0084608,1954.425936,-1078.68303,842.6380285,-1360.007404,-828.8867375,-28.57665817,56.68473114,-310.2446954,-188.9060799
1014.388092,819.502465,-620.2901554,201.0898193,-1558.178803,-866.5686893,-148.5214572,-70.03485935,-580.5262535,46.01166281
-1249.921006,693.3349493,-1185.178001,199.6514059,-943.4792993,-69.70584023,331.0452346,-439.3939081,-195.0132748,-170.6859579
754.1508955,931.2127567,-1013.502048,247.4100047,-675.0902769,-685.6661763,-163.5970067,-82.96940966,-664.1825931,-281.1895889
-84.31910857,1618.467211,-77.3101546,583.080214,-769.2711213,-26.30532886,190.9937748,82.01677814,-420.3091156,-60.6251093
-1115.173841,738.8655842,-596.7820067,-240.7721473,-671.1440529,-907.1126194,-231.2147615,119.4788015,-327.4673983,-506.1969592
596.9294861,365.7229826,-1122.665956,152.7130104,-702.9806886,-400.4340657,-595.1878159,-453.4231578,-450.7927199,-91.64974049
396.0992024,2066.584952,-567.2078639,462.1710673,-740.4719689,-668.0903623,18.32568929,275.9653521,-193.9791832,-5.447064107
-1804.074422,1172.561995,-1148.217656,796.7155496,-1487.098908,-1153.643998,142.0217481,498.0892329,-446.649025,-300.4127758
-1102.349043,1003.450514,-609.0726871,447.865426,-1026.313378,-274.5783273,-350.7095602,60.60655359,34.15517572,-216.9370532
406.7460621,1666.313229,-531.3863871,568.7895883,-187.6013477,-670.443129,6.816778263,35.53595092,-573.3784552,-183.5703566
-1056.802432,650.9499338,-671.3442841,601.0086639,-997.5075706,-682.815014,61.58659066,551.7604382,-555.9931486,-27.82816401
841.6289123,806.7150633,-1166.210726,394.8715818,-660.7604322,-919.7810352,-9.957297744,-344.4097759,-232.1391399,-124.3640978
-1074.682962,935.3801542,-520.02865,932.7317052,-1570.863864,-226.0136793,-149.882436,447.804051,-470.709674,134.6300576
670.005353,718.5850436,-38.64459122,370.6325959,-786.5310593,-574.556331,697.4219974,-184.8905034,-104.5791427,-313.7339448
664.8080664,442.7561328,-969.9910878,292.7879529,-565.5091488,-722.5735259,-603.3449836,-443.6329336,-500.6043662,-313.6268102
-205.8733207,1124.682529,272.3399914,701.7698475,-981.4795133,-288.0030257,-224.2302049,162.2815498,207.7463368,-280.8050706
-461.9993191,1282.829245,-226.0588979,-615.8031235,-851.3473345,-681.5509119,-245.496662,-516.4859037,-224.3372638,220.3661521
-974.5988575,510.2271369,-570.7754381,327.748886,-1456.515965,-269.222993,200.3053544,-696.0672104,-187.9536197,-135.3782419
-42.01416122,1446.999863,145.1251694,589.4198636,-415.4117773,-795.5631398,-217.5632302,-407.270974,-431.0975662,-14.40103142
716.5718218,567.893508,-517.1835956,459.3311207,-579.6337941,-869.7288287,53.33279707,-22.3777105,-641.2631515,-70.32870203
565.6851573,284.4399414,-653.1771431,479.9220919,-629.590145,-746.9662538,-540.7807602,-174.7153928,45.18847799,42.36232824
-427.9733763,890.2159638,-84.1524844,191.2134975,-768.3485469,253.4653008,-243.9838048,-283.0652097,-103.6623311,-185.0433951
604.4304177,1305.708171,-1056.704037,130.9814812,-889.4611029,-398.305252,-159.8818332,447.5851268,83.65224183,-80.41504224
-459.8028359,1561.838484,262.4465663,277.2406682,-813.0488738,-956.4394852,-255.3140323,-363.4892536,-470.6795709,248.9069126
618.0065924,1139.578615,-316.9840445,295.3307075,-354.4544196,-782.9293692,265.7604236,107.5426697,-671.5428879,-365.1774736
155.9286304,1642.055437,-378.2367374,50.40865502,-770.143754,-510.1002078,157.4735392,361.5159554,6.222667918,87.56429257
288.4738935,738.5801394,-1243.21804,-228.1427834,-1486.23797,282.2375797,-72.17895461,-51.92074197,-341.7783604,-357.3301609
340.0843462,1483.852379,-445.8881164,378.6374743,-406.347365,-459.5315847,63.18452843,375.5359706,-327.7746147,-230.879063
527.823353,887.6412191,-292.6218866,454.6652303,-272.0857246,-705.8011203,234.5361879,140.615112,-716.0866358,-83.30411541
823.1484771,623.6839739,-311.8058135,346.3707235,-791.9144234,-618.769087,387.7357941,-26.62869408,-393.5475188,-166.9771213
-600.4632892,159.4826777,-690.5181669,-248.5377112,-1086.946849,-355.6347535,57.78861363,-0.997376118,-513.5475749,-98.51257797
86.70087724,1217.596394,121.8384934,903.7284719,-887.3710835,-282.8612077,-43.35746457,-107.9765645,74.89273728,-550.8269356
98.08150225,1347.547251,-315.3440786,431.9374269,-581.3165594,98.80422948,224.4746553,202.9158458,-286.2322517,6.219578358
391.3691047,1415.138211,-569.4964071,404.6861403,-752.3913037,-370.4033313,99.23727228,497.1825933,-106.5271701,-186.42988
-241.2066892,1462.391243,142.1224341,427.4894239,-1055.468684,-96.85207999,-19.79447393,50.00814686,-89.05547704,-159.4189103
-129.6083466,2104.216989,-541.4986618,-13.48623032,-771.7349551,-266.2545891,26.71693644,-243.4536924,-568.5881351,-504.7746188
100.9176079,1682.823146,-474.1102492,-72.89795147,-767.6215063,-520.5122875,314.0788432,334.8257886,209.5677131,259.0600777
964.0115897,833.0137494,-569.1398895,157.1249439,-1218.025196,-1078.540492,-88.42866366,-33.59073419,-533.6798775,-53.22270886
796.523625,209.7719512,-708.2395534,722.0032487,-1265.055148,-828.8938146,-267.7533037,-448.6698536,-21.58848979,-255.4650241
458.7315475,1013.036235,-825.8762327,199.7226757,-802.0101566,-507.9869019,-364.8602576,577.3200293,123.0376879,21.30875118
-1181.261616,1757.094017,-692.0536256,-94.59017981,-1372.698739,-371.5593827,8.722638594,-312.8550464,58.73934557,-547.4354502
581.5533156,862.6500087,-456.0876529,343.6387915,-537.7939448,-591.073408,35.05785079,523.378487,-134.1494241,-144.005631
155.8391544,1552.922799,-801.398309,369.040523,-277.0884079,-550.2868725,245.5962962,154.0437728,141.8183259,274.9693112
-748.7935768,403.687082,-505.2574409,261.3681966,-722.4989595,-138.3997306,-78.5974451,54.27307033,-443.7406542,74.34859479
625.6503831,960.7969661,-874.3312708,-400.0448649,-1734.352426,-237.7385426,-73.02675563,-352.4822232,-206.0612691,-339.0603864
51.10524282,1036.16927,18.75638446,1022.638631,-983.5691455,-16.33031578,278.9005489,-133.2418881,69.76280777,-161.2462223
848.1132412,610.0573022,-645.1120083,483.0929992,-957.6781072,-724.148072,-275.6045507,232.6891595,-104.4107369,-95.52055088
-510.9147553,1066.128733,-207.7449713,864.7765061,-616.5078233,-75.24849004,-399.1987749,-39.38121042,-431.8989858,-103.1810924
-146.9030754,1697.578774,-68.83608128,192.7523798,-671.4991213,-145.0620675,-69.11173745,-74.53423855,-521.6667233,-202.129358
620.4709274,412.2931506,-351.7288273,356.5750372,-973.159349,-669.5464606,-320.3602336,244.8498303,125.1556607,-197.3365836
-236.7731404,1449.212566,-772.7270616,-352.3650567,-810.9723557,-557.4931504,281.5644657,311.7690479,188.9042995,466.6083347
-509.983261,2146.521893,-379.5185633,644.7041204,-771.8308894,-715.3863358,-283.2743213,-254.9578667,-363.7362103,-274.2778701
270.177138,889.1518663,74.52539439,560.9120349,-313.4523483,-646.5466471,147.7248112,-211.4809729,-157.2780126,-69.01624545
441.1970053,1942.879906,-623.760815,1015.234273,-1325.921608,-571.9140795,169.1634668,-473.4770128,-311.1913625,-443.4259558
-1036.753466,859.9752304,-239.7718769,92.28124456,-874.8312982,-264.3282092,-268.1482537,77.1483713,-413.4351695,-353.9758015
976.3777792,780.6314679,-922.0250467,100.2689935,-1187.011819,-703.9431431,-363.4848058,-300.6162702,-877.1808403,15.44028338
632.6175908,460.1268385,-482.1005986,560.7703498,-670.4730946,-447.0972492,85.11002639,-98.10266558,-191.2328938,-595.6674941
-1144.737982,887.7249571,-370.7897099,792.395535,-1294.350287,-275.3122487,-310.5214711,147.5089738,-637.6956114,263.3226638
253.8339629,1172.282594,-191.8500794,-431.7460037,-545.0560013,-257.7890457,192.2954841,-54.36512285,-526.1269419,311.9786019
653.736674,489.899518,-153.9398752,359.1785276,-921.0238699,-607.8845596,448.0917286,-81.24805597,-124.0073402,-520.0217921
411.7119137,71.52165271,-439.4148799,306.1975735,-762.6028459,-300.7438836,-86.28147812,-314.8682628,38.86026489,-211.2531528
984.3150436,926.5000464,-805.0646881,100.683279,-1312.792725,-815.2772771,-231.992788,-83.76511705,-786.5576734,202.6717754
-980.0457448,982.928737,-310.7161685,627.7032065,-1454.944554,-552.2762646,-324.8488747,618.3000066,-208.3504647,-40.43355585
869.8574629,338.3251279,-736.4015722,520.7646828,-1451.391361,-957.8496253,-202.7160414,-433.8008299,-339.9161433,179.8739823
820.7307724,1074.500495,-570.4713763,802.2977495,-843.826631,-1169.278326,228.3383214,-177.6491049,-349.4881881,-131.3803729
40.57879128,1844.704082,-170.1611471,374.8639377,-554.8092046,-876.1448659,12.99740929,-230.8877979,-555.5507029,260.1650867
-961.9439155,1496.701183,-454.9181535,-399.9186279,-852.7569544,-479.4548777,-120.0785455,-503.7930269,-368.8039148,-296.8980548
715.388429,1520.585059,-263.9509206,904.8440628,-735.2604084,-965.9959712,383.2869454,-105.4973376,-314.9125528,37.43452915
693.3498922,1673.58874,-827.3934062,378.0738819,-1473.518101,-441.2456702,5.649223096,290.0452829,-96.85854626,-534.287711
17.48015893,985.8623141,149.5808586,751.7214385,-731.1116881,-68.65596097,223.7217787,-82.36061584,73.93129452,-66.62423078
-993.8653322,224.1836188,-784.0455509,-70.05128021,-1404.406387,-57.90521713,398.2138587,-424.4241578,-268.5679082,43.46903651
-205.8370711,1343.430115,382.5394452,214.1526275,-1085.403996,-180.937458,-246.5546876,-185.2459915,-96.72593793,-613.6863687
-842.5866082,428.4964392,-653.8093591,617.1303486,-881.5651253,-268.0581125,248.7980817,215.6486624,-501.6261762,191.3517527
786.4083843,867.568974,-505.9282711,-68.74341572,-809.0627562,-569.9022954,2.718359656,291.7395717,-388.1280252,-634.9706483
-988.2162062,69.15979893,-993.739501,11.82262199,-1117.167716,-521.420844,959.2983622,60.57609676,-375.9978109,-265.5426207
-791.5443653,388.9123176,-922.461331,282.1278871,-608.0570171,-126.0120383,202.8922882,-336.7632938,-255.5120814,-213.2431494
-86.83277419,1906.562328,-160.9129894,-116.0655875,-620.1537113,-659.1520408,-138.8469407,-124.9284002,-462.2954432,-210.3247585
-1141.000612,1005.368658,-340.599599,523.7334262,-908.0459173,-703.1972183,-546.220169,235.7678116,-720.7780115,40.29584172
112.0269364,1539.297162,28.54212565,703.9816609,-763.2790075,-169.0043596,158.8241036,306.9330358,-21.92757257,-69.48893817
-143.920982,1321.13199,-280.656125,-525.7022041,-730.7761985,-381.6603365,-29.47971968,-392.2756939,-473.8631251,279.5124836
-770.3186651,385.6524644,-222.786573,237.7251234,-869.4236454,-146.7176696,-89.63203991,34.08082599,-558.1146192,222.8953862
-270.5952354,1632.958907,-474.5482819,375.1493844,-605.9947284,219.2284135,133.6886812,-210.3996668,-430.24957,-100.7554907
150.3377124,2087.924294,-776.6585611,507.6400122,-1062.534566,-562.4946351,-113.2272051,217.2604092,-265.9581266,-46.08824733
378.2476364,1958.753567,-1146.230616,-5.054741096,-1321.15804,-611.9502156,-303.6101718,243.9650727,-107.6833186,18.41726212
-1085.09805,1213.001332,-783.2284614,329.0761804,-966.7375668,26.68496193,-340.4881423,87.40589935,-360.3517568,79.94562261
538.3821303,967.5337336,-60.23669106,17.93225109,-503.8032213,-455.5244832,293.5782668,197.1720055,-514.4653443,-123.160885
-765.8953005,840.1365256,-417.9158682,447.3646259,-489.9107314,-721.2142393,-541.969482,322.8688298,-597.3631708,-113.1447427
-39.38239854,1371.767974,-1126.167548,-414.8708331,-757.5207578,-188.2280825,-112.9654142,411.5809274,244.0073628,-71.2353001
-584.9360342,753.5356759,-477.7699534,976.0666365,-749.8845224,-170.1709655,-189.9522941,46.41652446,-606.7522265,216.2004484
1067.574465,1146.442246,-1032.753175,338.5421995,-1257.455354,-806.1450539,-179.4044163,46.25608787,-280.5445875,75.6561305
-1376.204607,727.0277954,-1045.766987,236.5680374,-572.8063626,-782.6870462,358.6653457,-352.0739859,-146.1095368,-342.7086079
760.1533435,317.3334241,-886.1001273,110.9229744,-1146.946861,-413.4849961,-462.4923418,-519.3728275,-423.3914986,6.172192077
-806.8311721,420.8101369,-705.2665404,-524.1278692,-1327.821886,-327.5427832,32.33493345,-128.2040312,-770.0090941,99.9139633
760.4368808,1073.321892,-136.5232502,271.7751773,-967.3271724,-916.3588814,524.5851744,59.8632179,-343.0459466,261.8030834
749.8922094,320.1783281,-655.0177735,236.5817529,-1127.792647,-492.7265423,-435.6984478,-359.4123609,-476.2587834,-336.9238041
-74.49366371,1347.797947,83.68165731,-185.4330672,-877.3744139,-601.8462074,-8.506960174,-54.09316439,-8.423603326,515.3682964
-299.5069844,380.9484491,-157.2451848,113.8148879,-512.1425451,-224.5776305,114.4879154,196.8552405,-260.1655666,-351.5326112
-913.0175239,1882.001805,-1255.652624,772.5268139,-1489.047184,-278.1923839,424.4032492,-837.0943072,-203.8126143,-57.45279789
-1011.490278,1059.790717,-338.4473712,861.2457924,-1402.957722,-243.3334474,-396.5814786,176.4485778,-160.5523677,-439.1517259
-339.0897195,797.6940608,-527.3617538,760.7670994,-870.0643844,-45.42874512,-416.6672372,-488.0227887,-418.2847193,219.6785719
249.6481309,1266.527714,388.2294857,280.7829832,-913.9570008,-480.172764,179.9313173,0.786593027,9.212991555,-195.810247
-707.6010068,1714.232245,-770.3256474,-102.595067,-667.9895478,-682.5685264,129.6227425,-108.4284608,496.791889,253.9928668
415.9978745,1341.405864,-580.2106158,114.5477527,-696.2885007,323.3878863,282.2670167,-209.600633,-601.793914,-554.197496
117.3134507,1562.555822,-52.75998065,707.4504681,-477.8722652,-346.2689226,-11.04259198,121.2348651,84.69463546,-92.90354724
757.2160615,879.0290413,-385.225454,129.3933223,-857.4059753,-153.0111686,243.538218,149.2250646,-508.0087384,-595.02787
-644.5518109,181.8390484,-1097.776249,148.5395528,-353.3966122,-28.12888918,342.958879,-658.0395167,-203.2622893,-12.5320652
-156.4451168,1629.013966,-408.2238074,-204.5296646,-1786.037544,-46.94693249,168.1072693,27.89521955,46.28734137,-217.8340879
822.0620318,731.8212933,-476.1422729,-260.1587306,-1295.063668,-258.3374854,-211.512324,194.6835601,-239.1679408,-697.0754298
-1347.684007,807.284845,-529.5329657,890.9190473,-1511.426201,-797.2100731,-16.62372626,546.0000849,-763.7971634,287.3125188
-1146.189416,1518.958961,-567.5034708,511.8030535,-1906.220394,-1053.568604,-23.35153416,357.0613106,-74.16838061,-287.7193894
-1395.153937,1592.112528,-655.5466411,109.6433517,-1048.838765,-1011.557075,-191.6325349,-155.8792322,6.68746853,-160.8952762
-1123.88449,801.9204459,-904.3721279,310.3955763,-588.3601929,-483.2627879,-277.4212321,100.6232878,-663.1151994,-245.0659357
617.7067629,414.1941368,-301.4481035,103.1849087,-576.400413,-519.491197,174.8771203,198.846432,-98.67808731,-127.7256326
884.3778982,935.6608016,-512.6382545,-321.1016282,-1153.27035,-468.7933165,55.53250854,117.8183118,-683.0615401,0.667907705
-1248.900588,476.528053,-1346.883468,410.2890629,-1027.967806,-229.5400014,655.1545047,-113.1991787,-346.1992695,-252.3235667
-378.0400267,1416.995606,-591.7221888,692.396548,-738.0426637,-26.21438775,-348.2052551,-206.3802827,-358.322927,23.64014622
244.985945,1739.856,212.6777037,343.7410396,-1107.171983,-713.6654558,155.663683,174.4079626,11.50271001,-122.5915784
-1571.87319,895.7767709,-1345.88898,530.9088858,-592.3766906,-1202.443719,82.80211432,125.4625387,-432.7397713,-338.1506154
631.6106353,289.3603707,-530.0573098,493.6310983,-478.9577434,-857.9678732,-103.0964817,-110.9355486,-56.96333311,19.69013697
-236.212329,1482.396824,353.7672145,670.2807583,-1345.471425,-90.50596166,153.3081179,-90.52286297,65.95837132,64.12119801
-718.5780776,1336.558362,-423.079746,795.4200479,-1585.272155,-88.10649271,-404.2396525,-228.1993869,-582.286433,-329.9778749
471.7189801,1617.688052,149.1938259,346.6593798,-1279.563848,-506.5465667,353.6210994,-59.73663577,-222.5199394,-603.0034283
-397.1366655,1474.040428,11.75856281,307.6181223,-526.4239663,-548.5149356,-304.9875473,65.25929596,198.224492,208.8063371
-1201.121382,329.4634387,-1293.713781,961.4012788,-887.8972695,-521.9478954,737.3917163,19.11202736,-159.2019348,-200.7019144
-641.0235297,991.7622341,-248.7596265,1222.843072,-1106.910821,102.4299261,-241.201883,-23.01474631,-401.5928746,22.38782907
734.3896588,1541.205434,-688.6129178,629.4608741,-588.9877526,-951.4400995,183.3549,2.931990183,-481.4231707,38.14946174
-669.4057912,1902.171513,-881.8291699,112.2384407,-466.5924801,-962.0162204,453.1177844,-349.6183405,35.98340093,22.43486999
734.9046096,781.6736611,-587.1695365,-32.41584225,-700.1661134,-417.9188009,-139.1796523,163.0571326,-601.1812351,-212.9497101
-1461.291038,387.3580387,-1233.831999,408.0312438,-984.7356403,-846.4249557,651.4085554,294.1577411,-428.5967564,-184.8596464
-1089.075176,1308.339779,-584.7800318,637.9507972,-883.8495439,-1211.784277,-520.5260793,-92.01782959,92.89776131,-137.0916277
936.8726226,1103.196776,-540.1716795,-45.04836088,-963.1112979,-652.5783564,267.5466909,46.33276059,-536.5423186,-278.883119
-492.623142,1027.827172,93.33617137,223.9985302,-477.1894546,-431.3631912,-585.6453364,9.624820776,-234.6729146,-193.2965401
658.2722142,1108.203686,-893.6045133,-319.2781817,-1372.165957,-157.9075156,-199.6106304,384.7630922,35.85882632,-592.0566271
-1434.041695,774.4049874,-993.1518249,153.2416801,-853.3308007,-1114.486327,68.70816504,125.9577563,-571.7324983,-448.8607146
-1503.114202,840.5597923,-1116.198526,-95.14397308,-716.784099,-957.8735754,213.6294551,-188.317592,-98.9805074,-772.1865586
796.3268745,1016.852868,-293.2918559,483.5050168,-771.8891232,-768.4286139,399.4363142,248.1177062,-264.0101943,-348.769241
714.2636215,1215.224298,-372.9894144,290.6563309,-1002.239851,-111.4812397,457.9694312,-59.88423299,-371.5988733,-605.8240962
-253.7200983,1345.227297,345.4839786,194.7655243,-940.5141163,-187.3006169,-209.1895245,-243.8873183,-275.9234293,-185.3542675
563.4670205,1339.91356,-67.45770638,847.4294622,-634.4256982,-748.5622693,389.7739451,-228.3610459,-59.16818057,-262.2586257
-1282.790276,1014.094466,-885.6971049,-263.7363351,-636.7323102,-571.7043636,-77.02448487,-469.1457119,-84.70021238,-426.8139347
-96.01236501,1909.856064,-720.3260727,-285.1834666,-1180.047247,-255.0262848,121.8626015,272.18456,139.8635136,-71.10002196
868.5216927,725.8586719,-275.0199412,459.2162721,-1228.764499,-990.5106878,398.6706263,-211.4957617,-454.9164995,133.9078258
-978.4371362,1379.424399,-284.0849703,-11.39018949,-961.3142086,-818.9203667,-173.5951082,48.74383949,242.5028569,280.6929593
-734.3239816,967.3957892,-65.34384047,-360.679407,-556.0706334,-507.6398752,-463.5467908,-171.3913033,98.37643769,-171.8412133
859.7726126,871.11417,-368.3437596,-114.1876316,-993.8036699,-520.5662799,154.0160149,152.0574132,-686.3131688,14.58409816
124.2867115,1407.001414,26.88495204,543.8599586,-404.1175665,-799.7786361,127.9043772,-535.7773371,-175.9991506,-124.955362
-1142.09224,1417.330619,-446.8820099,-86.03330054,-795.2948028,-752.6600774,-15.57394064,-466.7372864,-270.2832641,-154.9762322
-1008.021825,1617.15579,-493.8164599,784.1976396,-1653.098377,-903.544398,-87.89552711,-388.645257,-91.50162541,-593.3625932
-1336.173521,729.886621,-922.1488903,359.4374633,-896.4545109,-1411.788734,139.2188729,698.915808,-519.8043365,-231.5859629
219.6684311,1780.491412,-421.0380789,-247.4456456,-1260.332828,-388.3444433,9.695540501,61.4778275,-26.57085051,-119.5548449
-663.7579655,1525.83187,100.0817281,313.5832002,-778.4292634,-334.7471925,-603.3287607,49.12733603,-54.14201422,-356.9963117
621.2298343,290.852589,-948.7417444,365.8881391,-936.8403988,-500.9084843,-531.000059,-437.3962458,-8.23640721,77.54036414
-693.8489931,289.8578002,-749.9477248,356.1401012,-272.4742234,-344.7907959,164.4886606,73.58251482,-382.8811284,-212.960171
290.1356774,768.6207041,-1084.814279,-208.4171411,-1008.00227,339.0759067,209.7525027,-95.2055194,-627.8239072,-59.36747824
-1250.484566,498.9498424,-817.7650077,195.1025612,-1106.823687,-238.3113431,100.3935044,-168.6993564,-569.8188293,120.4277634
632.9103196,1515.756151,-512.1148407,31.37057475,-1357.2726,-499.5544256,82.54370539,347.5418465,-211.2467218,-15.88909267
-560.5726746,1326.572922,-480.5053518,-291.2444699,-701.9693739,-659.0499659,-501.8831295,-295.3545932,-238.0799921,-242.8401483
-41.29290443,279.5386998,-494.6351021,167.9569644,-209.210214,-390.1723148,145.5961812,-242.6551241,-89.12183839,84.21106016
-663.6906175,433.9954352,-445.957809,354.1116408,-389.2531834,-993.1198759,-7.990070259,449.1126527,-345.1261406,-399.406333
-1045.645061,824.3601606,-936.8660835,404.9488589,-308.6287738,-878.770446,-297.0368419,-76.36522425,-292.8488965,-581.0169938
54.12038309,1045.644729,162.3834904,564.3372087,-1120.658899,-331.4207455,67.97630049,-577.5325386,-240.2271827,243.7668856
-14.63043405,1413.67121,-1601.963266,277.8352622,-759.2498328,163.1088316,374.4972944,-45.04909442,-218.3653083,-84.71943732
-230.475173,1002.63886,160.5267838,249.3072551,-460.5668125,-316.4347557,-328.2878578,-68.71849185,-194.3904393,-179.567387
561.1852817,363.4852291,-941.7479951,234.5427926,-660.1185897,-269.0755175,-455.1823708,-213.2376143,117.109748,-500.8452342
-973.951326,740.4933725,-657.2009542,1140.822921,-1186.064157,-116.2329171,-53.45302038,269.0056495,-533.3346764,200.1595963
63.47767604,1391.529677,140.0283875,-95.0775046,-983.4566219,1.577623514,69.80839891,19.97399263,-191.2635728,-442.0861226
-1201.882171,801.0488201,-386.4140042,373.857035,-1478.753607,-199.74576,-202.137757,-305.3705264,-504.1825648,-150.3683743
664.9054142,420.5081506,-247.3365516,310.8247287,-712.2804909,-616.9702941,414.3599488,-119.6299992,-144.9628081,-125.7957435
843.2769421,967.6212358,-839.6924834,-333.4648194,-1136.188874,-351.7433225,-183.5810692,-68.21783206,-734.7664254,119.2856929
82.11088553,1827.549649,-370.1190718,234.5477237,-1117.159846,-376.0670856,69.25795932,395.9598839,-432.5524761,-243.6979969
-1348.635296,618.2591569,-1378.13794,1085.719844,-966.6214101,-754.6162165,554.1588092,347.5553641,-149.2312674,-373.000026
291.9795981,92.6369966,-466.5122717,549.9831404,-1007.701137,-423.274528,-263.1904376,-566.8630488,-2.681104491,354.0544795
-85.18576059,1428.836199,183.1737627,568.7313876,-1621.957141,-987.8401928,1.993954841,-311.9989311,-249.7040595,-88.11104694
923.7966805,468.4231415,-774.5212634,276.9128644,-1360.725298,-952.3425259,-377.8808931,-280.432761,-433.3993424,-14.69724176
-841.7025516,1458.029537,-162.7512593,527.7263298,-1243.839863,-260.5083357,-442.3721505,-441.5441964,-410.0444991,-251.4782471
451.8279719,136.4638718,-453.086739,102.4409132,-977.2222015,-460.858788,-146.7052544,-511.6795033,48.99338853,-324.9464318
804.6871001,685.9881699,-764.7547622,315.9571467,-764.8841236,-695.8722362,-109.1891896,26.00026569,-315.5870189,-326.5971955
695.8218788,150.7475401,-515.5208025,541.955181,-1018.897718,-658.6549451,-132.9908557,-333.1043483,-43.92728068,-95.26220967
-1032.051434,613.3509916,-829.7265536,423.908779,-560.8462103,-570.0431017,-54.96835417,167.663565,-687.5187771,-413.6534643
-103.5357562,1794.792911,77.82732528,59.95349414,-1040.021339,-944.0268123,-255.4899399,-102.2984084,-608.1151101,-83.99293206
-741.4361658,425.0560957,-268.034377,271.6522167,-1198.709651,-546.3225257,53.66218747,646.1230067,-52.47750556,-84.02681531
330.9012188,1046.485254,312.7581151,232.1372286,-695.1751602,-586.9914009,423.0285378,-223.4124998,159.0043301,49.91804464
-800.7527044,1045.665351,-75.17329662,140.8359262,-753.1266394,-608.7746533,-718.0044132,226.1324216,-328.2052818,-340.0272077
-1174.323818,155.2004874,-935.1951474,473.1278719,-1126.781032,-378.7744357,734.5854479,-81.54094539,-78.41196684,-16.91365672
733.6166372,233.528609,-599.9667589,323.9641829,-1201.797657,-569.1026148,-421.3951595,-505.5189745,-527.5991779,-200.3062617
-1202.764381,494.0790161,-802.6822782,643.4230751,-958.9064152,-776.9791467,276.5195442,536.7996697,-428.4043188,83.76446321
-351.1229247,1655.234929,-330.6350707,537.8254914,-404.2954293,-127.6515762,-187.3567362,-152.2213322,-133.6279239,-43.7820335
-745.1955585,1720.940451,-768.8372863,-27.90893561,-1873.081103,-434.3089076,606.8670557,-347.8134846,33.59217374,-418.1881624
-56.82541106,1415.852184,-244.6243185,575.4285538,-270.0773788,-535.9438377,-332.6103467,-11.80082709,-482.5358889,-364.1609766
-917.4819369,1420.241747,-1035.448068,-630.4423584,-1007.106602,-1069.991791,21.50845768,-360.1753317,-70.64996176,-286.8161309
922.5066594,1318.502853,-404.5257837,659.8266086,-789.830081,-1057.774626,400.5582189,-39.11850399,-373.1451985,108.4763079
-225.170562,1484.064146,-386.3497857,666.047234,-834.8876272,144.2255691,49.1557608,-595.7266075,-297.0062726,-4.265734969
1001.439974,438.177088,-593.0452703,213.4334815,-1394.739644,-626.8982459,-260.978138,-212.2403077,-518.7671048,116.562637
-922.6550591,577.8061813,-1004.087517,-134.3584116,-620.9007779,-230.1035975,618.9951197,127.8902405,-84.13874638,-881.575573
-1128.32743,270.6758316,-1142.457893,341.6943965,-538.541317,-566.1572878,591.1086973,-58.23552725,-471.3478449,-381.3493645
-411.6317676,1178.767075,-398.0919358,708.7171107,-671.3622045,-126.2034174,-330.9516595,-88.47212075,-860.4441188,-273.0085707
-715.4338073,1288.320045,-954.4684468,-500.6204187,-753.1637253,-1171.979527,233.0304755,-317.1900691,-18.74162074,-624.5208715
761.2058596,865.6923272,-295.7310588,664.6503598,-1006.425671,-605.1445772,558.1468538,-480.6336495,-526.1068804,-363.3607401
771.6327539,290.0472385,-445.2207018,396.0803076,-943.8725283,-879.5787164,81.76437621,-130.9789084,-210.9669089,168.2958049
-439.3609407,956.6227298,416.5801798,-58.09603385,-858.9188382,-681.8866998,-339.9715626,-134.6162326,-297.9910382,20.6872425
-1122.816852,1800.970521,-575.2590289,391.9510936,-1160.217887,-1077.331303,-408.7518206,-115.2107683,-196.6545378,-246.9868845
-1057.982798,794.1487205,-485.1496328,262.0416868,-960.739781,-992.2872266,-68.3405688,669.5217667,-37.53435565,-367.3866889
607.1719524,1423.27258,-344.4475842,-442.8867184,-812.2464276,-406.3932757,261.2536808,90.40209267,-630.6854323,-337.9635696
-448.3380316,242.0560687,-586.0209076,380.6753908,-127.6246172,-393.2491859,378.8771711,-25.66504889,-112.3925834,-185.1789279
-332.7013112,1421.503637,-220.8500445,862.1205433,-520.812522,-641.2844653,-570.9833291,-198.5128253,-264.1843501,-193.4161201
-239.9787317,1165.485165,-68.63180339,965.5423306,-752.7761834,-203.3665431,-295.3565627,-22.15955085,238.6652496,-256.224488
827.9213179,594.7798392,-374.566454,85.82573487,-1298.036864,-332.05924,65.23315205,223.5530611,-92.68580761,-733.8944619
662.7435605,1163.85721,-881.549486,-467.796903,-1334.234851,21.50891314,79.98823175,117.8154097,-156.5651973,-532.0857609
215.3481784,599.2292518,71.63175397,288.9718349,-258.2718065,-495.0478577,212.408681,-183.2905618,-221.1734976,-157.8612025
286.8922439,1442.352627,84.82722332,895.2982401,-1067.158356,-298.3034507,229.6190819,-260.3456696,-15.50661137,-599.1326868
-788.1644938,1157.979034,-827.890916,-850.025146,-831.1320735,-1037.700534,320.1482041,-495.2185625,-18.58675712,-328.628726
686.3600402,804.512512,-644.9034638,-208.0114528,-1084.674875,-43.60845399,-3.901711779,184.7968226,-293.1106328,-659.3330436
578.3951487,1765.744491,-601.7102081,322.237746,-483.2602749,-770.743854,89.0734387,-127.2255432,-696.7761409,-225.0664458
-442.3228516,1665.583827,79.04304324,211.2800231,-854.677552,-555.6401626,-479.0807976,87.8477898,-14.89512041,-179.6891045
325.2871556,1072.414446,-719.0657865,-443.8325406,-1063.110746,-34.8073632,-361.2283099,276.8077042,-90.34330643,-311.3906945
-539.0880136,1577.709116,-364.4306381,1016.434172,-1200.048916,-3.899259088,-389.5370193,-180.6210441,-131.0260378,-351.2136957
926.9651814,552.1665976,-490.6742332,578.7811771,-1001.637801,-903.6345173,318.983596,-74.61515633,-129.6217289,-43.90157195
-819.5934497,250.0012963,-613.8764454,226.7989412,-795.2044079,-462.9046622,438.0040941,533.4897965,93.91519253,-31.07551875
651.8016788,538.4052157,-245.3755246,140.8119726,-752.4653474,-756.7160626,470.751599,59.65876152,-114.7402126,179.2934678
-1070.708376,-116.3887216,-720.8162915,348.8586712,-1363.802914,-427.8742529,930.7376006,57.25473759,3.037172738,117.2602299
-497.2591499,902.2173659,-123.7610767,705.8117275,-716.4049886,-238.2083537,-470.334965,320.5576225,-81.67576919,-119.924849
-787.2186206,1084.168966,-1008.911183,592.8259546,-418.0883325,-1000.900472,366.508209,-115.130471,423.5512947,-199.873906
-168.7112347,1909.795877,85.92003658,491.6815395,-1355.371734,-64.71385837,101.6648418,-152.4076581,-279.1739969,-573.9450721
63.37608003,1375.494633,-1043.903277,245.1002635,-477.9676451,421.580297,347.7294391,-497.8885484,-457.3976999,-73.2602868
-683.1780613,855.4168051,139.8276211,389.9158128,-1054.137789,-523.7052017,-392.1610833,253.4430329,-298.4022641,-90.18657733
-76.45654013,1828.485438,-622.4743214,-438.2910966,-1058.546593,-391.8580306,130.4938025,29.65180708,307.1120196,-73.75618799
829.0698806,1225.557345,-284.9944468,633.4278122,-1257.756218,-455.455909,411.248035,-41.97733459,-392.8826859,-375.739808
-1282.991541,297.9513762,-431.8934631,345.214012,-1604.279318,-442.9359937,295.3636419,287.1627346,-469.6333321,-41.14759647
-750.8438823,951.6736317,-552.4847835,1021.492011,-1109.817016,-892.2361973,-189.8604003,396.4058828,-195.6103511,-291.9618019
-273.1463634,1914.572654,-49.72271075,151.8410043,-804.3455631,-619.3792211,-151.1459575,2.853871299,150.5320963,174.8417316
-897.2905615,1011.251644,-770.4900361,-78.88574699,-869.5960609,-15.46165544,-317.3955973,175.3081278,-643.9257063,-407.0243849
687.5854191,70.13460157,-593.0102237,193.0174553,-1008.099822,-760.2200596,-354.7441434,-547.0735065,-188.6590656,-14.2390438
691.0457603,536.7790948,-142.5614227,241.7635114,-762.451455,-616.3884907,488.6104288,-17.83533085,-286.3011003,83.54351016
229.5955554,1665.75661,-122.1815553,1138.323361,-985.9258927,-316.7693517,305.3095176,59.19801865,31.29289504,-312.8666488
537.3894149,714.2015423,-612.1278546,510.8920935,-676.0932279,-207.4327197,324.4603971,-130.6426442,-366.9166429,-156.0051201
1084.340799,601.9132195,-691.0087614,318.3367721,-1157.518607,-871.6625116,10.64596961,-136.0691839,-529.1644463,25.66860267
-1431.413719,843.0930704,-965.8261293,460.6526754,-1118.229509,-367.4083968,277.8740789,-272.7589386,176.008977,100.0599973
878.2820385,1139.391119,-127.2557289,340.3849108,-1208.592605,-866.2734144,530.4080064,207.1194812,-190.674245,-152.5626268
833.3760168,269.4614852,-411.5351355,192.6593079,-1128.337846,-873.5034566,25.27593484,-38.80676778,25.79753156,-6.888135731
292.9126056,1023.230278,-218.7169897,937.6822251,-315.492793,-615.914418,112.4216713,-121.8216267,-257.9319603,-310.8180254
-96.84026069,1091.622494,-384.2011852,137.900655,-742.7753427,437.6455471,307.6340656,-285.7258327,-94.60498058,210.5722875
568.8243309,1556.578518,-770.1094926,-72.20452965,-1370.825363,-972.5061135,-333.043474,272.1271505,-406.9201914,228.9865736
99.41695641,1946.90667,75.38470149,430.1604,-983.7050299,-611.7393658,80.05008467,52.37151655,-171.8398738,-81.73677464
-658.7201331,250.2599286,-203.7992344,362.6774069,-1232.971971,-304.9014344,148.9013648,98.76370182,-487.0104958,236.794578
94.51495575,1227.879891,-292.6173557,716.5907693,-566.9099933,-99.42420309,169.428516,40.22465399,-490.5718058,167.9548394
595.7276346,620.053547,-662.5282567,0.467374994,-1076.358323,-350.9403026,-375.7575843,20.14184863,187.8298551,-379.9070246
472.2162262,1364.60785,-624.7242421,139.6976344,-230.9960092,-461.9921043,155.682526,-16.93360058,-652.8071022,-577.1850898
-324.3004076,1608.090514,259.3336458,13.35299787,-1323.028922,-553.0688381,-203.8101393,99.33078303,251.4836216,160.4955416
